Participant_ID,HRV_Max,HRV_Min,HRV_Mean,HRV_Median,SDNN,RMSSD,NNX,PNNX,Peak_eda_5min_sum,Peak_eda_2hr_sum,Peak_eda_2hr_mean,EDA_Mean,EDA_Std,EDA_Min,EDA_Max,EDA_q1G,EDA_q3G,EDA_skew,HR_Mean,HR_Std,HR_Min,HR_Max,HR_q1G,HR_q3G,HR_skew,TEMP_Mean,TEMP_Std,TEMP_Min,TEMP_Max,TEMP_q1G,TEMP_q3G,TEMP_skew,ACC_Mean,ACC_Std,ACC_Min,ACC_Max,ACC_q1G,ACC_q3G,ACC_skew,ACC_Mean2hrs,ACC_Max2hrs,Activity Bouts,Activity Bouts_24hr,Activity Bouts_1hr,Wake_Time,Hours_from_midnight,Minutes_from_midnight,Calories_2h,Protein_2h,Sugar_2h,Carbs_2h,Eat_cnt_2h,Eat_mean_2h,Eat,Calories_8h,Protein_8h,Sugar_8h,Carbs_8h,Eat_cnt_8h,Eat_mean_8h,Calories_24h,Protein_24h,Sugar_24h,Carbs_24h,Eat_cnt_24h,Eat_mean_24h,Gender,HbA1c
1.0,0.007116114367312419,0.1060888314134074,0.07498853133943413,0.07689121672185129,-0.12795854476315252,-0.11543997334133177,-0.1889935348645805,-0.1650481525179858,0.05701324265480361,-0.0007663299241917803,-0.0007663299241917803,0.05855662262567413,0.06169300318015253,-0.016579014497482676,0.07927905982794703,0.02947980174343866,0.06294551203770057,-0.0001209522729183966,-0.03879910711665119,0.026892360656740496,-0.06536496071168615,-0.01516158864377473,-0.05273532667543036,-0.030589970920746536,0.03546401598965144,-0.17783360244841168,0.10412004507434693,-0.17745354370738153,-0.14643326155528277,-0.17809982746275854,-0.14816886687936442,0.0030689516647594006,-0.16685878120317102,-0.01593248587199799,-0.01252667109927266,-0.010454167778968992,-0.10556114107500893,-0.15472410794721755,0.059975192528730153,-0.2013204125393269,0.04871753944257022,-0.0137857553236233,0.06948106545179872,-0.011357808773512015,0.008032561206587392,-0.021442761140978695,-0.021354802888035918,-0.0715876344317232,-0.03182669124673704,-0.05650522824440232,-0.07724711788941672,-0.05512396837892286,-0.08452824690461144,-0.07686952588067854,-0.14313214835058732,-0.09971025884986408,-0.15646262248317527,-0.17837073446786156,-0.09847886750631822,-0.25516052570244796,-0.11068831209337955,-0.08511740184673454,-0.20324831039169935,-0.19043508605024725,-0.0578778174096643,-0.37593435993512464,-0.5622030913118691,-0.06440799067865804
0.007116114367312419,1.0,0.5952958785382618,0.8730242473108228,0.8601729512758073,0.307650464003641,0.0766534356013798,0.4460035122058926,0.013696751051325395,-0.2586133794290135,-0.25942366984637033,-0.25942366984637033,-0.118989626194255,-0.26289695884885617,0.01592611073967655,-0.17588572619851514,-0.04725489808357479,-0.13119141611915158,-0.06393852235975993,-0.7179828074118777,-0.2677019641842119,-0.7574852637546573,-0.5853360824824182,-0.7644504792232538,-0.6700346112709301,0.13659097693954658,0.16602875637250145,-0.2555917652181205,0.18627473233580902,0.11435481935026415,0.17433985711474193,0.12477352556622255,0.03714066319625706,-0.17293993117648554,-0.40250642597884384,0.35222851142133066,-0.3518712017477296,0.21192145791650027,-0.27844004750858503,-0.020473111847209083,-0.17045860651219524,-0.30625321520382726,-0.32258161365451726,0.08472965883997859,-0.40915794029112745,0.013277094166496379,-0.2803412873368946,-0.2798560073852438,-0.06068536635447681,-0.026595892782020555,-0.055499489833150006,-0.06740163498339768,-0.05380814210823692,-0.06365312722144023,-0.061564767162130746,0.006197911572511583,0.03392645073407451,0.019014470540732256,-0.005816676961743605,0.052495683545692506,-0.022038211556867845,0.09132993034040213,0.12328691231960198,0.02335973981308209,0.02402918576348485,0.10719492005439128,-0.009274212257850292,-0.030321142432868892,0.046153782244415714
0.1060888314134074,0.5952958785382618,1.0,0.815322586380299,0.790180075280556,-0.3314334871105606,-0.37879724436792206,0.09141229226709775,-0.3126473099482323,-0.22754138971011129,-0.2238810035057794,-0.2238810035057794,-0.02032670872037023,-0.25113671204584664,0.1140308867716205,-0.09683854772686205,0.058675744254163505,-0.03680047651319175,-0.05240560319952512,-0.6710504436285551,-0.40119836241492907,-0.6253884589458996,-0.6015876203412608,-0.6756147057787402,-0.647023003108052,0.1026367778456826,0.2861763435752843,-0.2941522407397387,0.3023713963247297,0.23395764874719532,0.2944588012911564,0.2439199242184014,0.010927035117883708,-0.08322607793923284,-0.397987010253894,0.36636339893716063,-0.3585918886206566,0.23408277855059603,-0.19776039381955807,-0.07700845106319504,-0.06698080037183442,-0.24676522645371196,-0.2676834807126807,0.14531907118555698,-0.3619183679319377,0.04140428492065962,-0.253976262384997,-0.2533118174593964,-0.07021418754303646,-0.03918223019633254,-0.06580569629033839,-0.07557914540702103,-0.05357407708049319,-0.0749943576050861,-0.06372476949294492,-0.01627088276896627,0.01218650148669759,0.0031140029757212554,-0.024100053887337068,0.056565876202652195,-0.0500296447231621,0.09033844441390684,0.13283524305624084,0.021625281464978503,0.0191461059652821,0.17592554878034433,-0.03583404435743847,-0.0814733160819257,0.12299597112894411
0.07498853133943413,0.8730242473108228,0.815322586380299,1.0,0.9936499131421592,0.02380834929712184,-0.17732184574428617,0.296432829155243,-0.18631971168241523,-0.27810750041645543,-0.2881604317473931,-0.2881604317473931,-0.08842536562500512,-0.2879837699226064,0.05497148200527168,-0.16063840686210656,-0.0103664990574687,-0.1029981691043068,-0.06513501787936171,-0.8138368134717207,-0.36033253297775764,-0.823913706701796,-0.6813660188432551,-0.8540780032849412,-0.7673425402502211,0.1667527470940195,0.2724863686359484,-0.30987267334281116,0.2915778776465857,0.22022756979812452,0.28102677025483636,0.23105579182782943,0.02706691041369927,-0.15066208456636146,-0.4696634209975514,0.41676398923706265,-0.41049448723229265,0.2689534991151036,-0.28386457211758115,-0.040126784039163706,-0.14800507390709716,-0.3449684503809637,-0.34789406042223564,0.12122973249389202,-0.46993241476278164,0.03019468918051791,-0.32513346892841627,-0.3245598516523712,-0.06855573134581093,-0.026762632647155598,-0.0629036602078568,-0.07571533181417442,-0.05544856935608995,-0.0726431128509004,-0.06564930195864255,0.013576204809675755,0.04792530198976789,0.032910033880113515,0.0034011756059661637,0.08371448818206265,-0.02104053807280756,0.12688835545802277,0.17162231830752844,0.04113646077443754,0.0446363414179154,0.1814811622181672,-0.004689012162515273,-0.05917758305068193,0.10519750276658793
0.07689121672185129,0.8601729512758073,0.790180075280556,0.9936499131421592,1.0,0.034861554624553426,-0.17059469256469684,0.2908997216375331,-0.18344276568256807,-0.2767601164686696,-0.2868455992453059,-0.2868455992453059,-0.09161837697429424,-0.2843782317171908,0.04936215768281394,-0.16177194482262,-0.014950537907054683,-0.1057485492855203,-0.06423322605177997,-0.8075307451211738,-0.35174148668500577,-0.8212942367067014,-0.673495886531341,-0.8499010762786441,-0.7602750545335489,0.16966622250262453,0.2693852713237388,-0.3053788639242942,0.28800314923194786,0.2179466872969322,0.27776767598294844,0.22851273282618328,0.02737344830851728,-0.1529125928196013,-0.46565852157316434,0.41273699854446255,-0.4071338905644797,0.26444654075245505,-0.28464482913186606,-0.038854898554024964,-0.15247219564641987,-0.345853919102621,-0.3457035559093085,0.11681601959986851,-0.4687419918089604,0.03186012760323853,-0.3219562532999101,-0.32143427986896095,-0.06443969110601584,-0.022472974299464713,-0.05905720440820269,-0.07169695524638933,-0.05153856803849134,-0.06850263616560749,-0.06171912344298853,0.01718320959093088,0.05176964985228988,0.03630150664911957,0.007017288068179186,0.08567673781699443,-0.016700590588305066,0.13011010187652444,0.1749172996680982,0.04374754138146231,0.048433831681892234,0.1823942542681516,-0.00018087987712613862,-0.05691537374899822,0.10490433330704509
-0.12795854476315252,0.307650464003641,-0.3314334871105606,0.02380834929712184,0.034861554624553426,1.0,0.8043449391730446,0.1162215278429916,0.7070720892021504,0.029224655649309216,0.01683942359832187,0.01683942359832187,-0.15321849362880371,0.05307379983583489,-0.19913538640082964,-0.10087945487864501,-0.15042084726905733,-0.1410476507239082,-0.04450976667921679,0.07189003309594875,0.37273496597768985,-0.11744039414854002,0.1884726004375153,-0.02108131389890089,0.12217529413271291,0.04335814565673107,-0.28486893161941185,0.13365961393178258,-0.2825755632713786,-0.30083762973368416,-0.2840266704609799,-0.3028269572954025,0.009824654385501598,0.0004102668844894681,0.2010682896386771,-0.1929635360471844,0.18894430524066338,-0.13483958027579163,0.061138392301697354,0.06944331588948857,-0.02304342068715703,0.0759928255067964,0.07459260191571897,-0.04629536398512693,0.08501152318099091,-0.08215877518248339,0.024462398041491643,0.023951002828244382,0.09238168761894336,0.10690143963088572,0.0772278363618032,0.08177351032496279,0.08869231676627197,0.08892828180926327,0.08484392413585339,0.10348778588178575,0.1103257549779953,0.05109658116688886,0.07512744952189267,0.07420661873973064,0.09216432892116555,0.04765885391623089,0.04668139463854739,0.023170398819232375,0.03939301358478989,-0.006152067454681185,0.06377082295031034,0.09791648069214073,-0.029434828144021645
-0.11543997334133177,0.0766534356013798,-0.37879724436792206,-0.17732184574428617,-0.17059469256469684,0.8043449391730446,1.0,0.04631479250100482,0.9241019413958388,0.08862275838077115,0.13806049166565507,0.13806049166565507,-0.18841259858342652,0.12219773678712412,-0.27385257302584853,-0.11170950997149302,-0.19743936718478236,-0.1711325577940118,-0.0662404002851358,0.300774012198759,0.480836860693995,0.09668266717961524,0.39611969483754733,0.2074284690039684,0.34401541292552934,-0.0008502991584659488,-0.4558390046093531,0.2577741351149991,-0.4587538240699881,-0.46478064509523587,-0.45620408368195375,-0.47029839513592125,-0.0087797212489036,0.057539957935707965,0.38715497741197535,-0.3497172059445432,0.345160573239922,-0.23143136145929138,0.1682284944463109,0.08383518516130166,0.0576011538328233,0.2824681552789646,0.19701038355306516,-0.053684791589989934,0.3257117228168792,-0.09073526429631548,0.22976254293249812,0.2292554928131018,0.16322063490536648,0.16912086074899046,0.14062307817604963,0.15028785922429663,0.1600018273530569,0.1583389728144347,0.15684605266372192,0.1373386001805141,0.14739665415380243,0.05478169526308045,0.09376744946850141,0.09026590616141529,0.12148558165915603,0.043939251423499796,0.06056951259383648,0.021688960836347613,0.040528983186777764,0.010230527187161994,0.07502825806772304,0.1524018871279258,0.005380900204454433
-0.1889935348645805,0.4460035122058926,0.09141229226709775,0.296432829155243,0.2908997216375331,0.1162215278429916,0.04631479250100482,1.0,0.08181566982143741,-0.1893466483821238,-0.1422339003536748,-0.1422339003536748,-0.07353564343288961,-0.19157664575247207,0.06585568152554278,-0.11909724370953516,-0.04159618191869088,-0.08565222317995078,0.021138201962594035,-0.39423369075118847,-0.3650937748748271,-0.2712521201028034,-0.41900827379806804,-0.3393803449223181,-0.4111755990460943,0.018590174277152968,0.16630134953144177,-0.20542745315654165,0.18179699338441116,0.14203972866859568,0.17090478762808264,0.15104985344045513,0.027062076344655944,-0.21880512281647344,-0.3728803391445088,0.3250182752536142,-0.33125189687608486,0.16633341147666553,-0.2898313490224771,-0.030648915743918363,-0.21720606233745815,-0.2797448963685205,-0.2909447734383136,-0.07296048834037246,-0.3071485788327338,0.04474620603990923,-0.14771956638722156,-0.1471340612057371,-0.14876037581315443,-0.14398342276139314,-0.1291728741758136,-0.14183982116237162,-0.16088597140861946,-0.14442651775415902,-0.15791475433527263,-0.09634385627564886,-0.08546304145306845,-0.04718572484964658,-0.07657974119180079,-0.11032984023176534,-0.06731184609069067,-0.04059882430971175,-0.04387994873205631,-0.011657623639986318,-0.023735161188445042,-0.11697700481202586,0.020135896639059618,0.10942475045095272,-0.15626744310988694
-0.1650481525179858,0.013696751051325395,-0.3126473099482323,-0.18631971168241523,-0.18344276568256807,0.7070720892021504,0.9241019413958388,0.08181566982143741,1.0,0.09150359155981008,0.14865077860129716,0.14865077860129716,-0.1660628078690982,0.11715196632156838,-0.24403616652310942,-0.09731104850812708,-0.17396284649160126,-0.15026741990794473,-0.06230079438430437,0.2951520007722986,0.4445469175627969,0.10600920348313136,0.3767837172949082,0.21055400669282975,0.3333509401124207,-0.01633648173486864,-0.4225875597585845,0.22575327276155802,-0.42443113182307257,-0.4332257090917542,-0.4225238947852901,-0.4383184425329987,-0.007936428097687017,0.05828704930850989,0.3685813516676692,-0.3262193752581197,0.32283932665717646,-0.2384676592853755,0.1710795036716463,0.05434386853698467,0.05454554884382676,0.27252565807626955,0.20517410442189873,-0.05278853413730205,0.3149225109317269,-0.09044918049325855,0.20908601409270539,0.20862745909932745,0.14744605809167904,0.15278510981492863,0.124839965445652,0.13543510227096592,0.14493634845464912,0.14258114744416442,0.1415989535978373,0.13065870462526488,0.14104588638212273,0.05368810945250575,0.09209556270732232,0.08163381934699177,0.12447456503242361,0.031545366318692016,0.052667312821145965,0.017983091772240705,0.03483490285498307,0.002862007338108436,0.08525376007463265,0.19735463218508373,0.0011110063128447632
0.05701324265480361,-0.2586133794290135,-0.22754138971011129,-0.27810750041645543,-0.2767601164686696,0.029224655649309216,0.08862275838077115,-0.1893466483821238,0.09150359155981008,1.0,0.5406003473304851,0.5406003473304851,0.579815899779093,0.7726839177127702,0.14128068981152575,0.7426641075219694,0.4463033554068149,0.608660989483643,0.14329865733096175,0.34492668631558127,0.32323475060407614,0.259062713533915,0.35931515239153144,0.3120590225656758,0.3521140715195774,-0.013896597728567507,-0.05809153722575548,0.30156261671412443,-0.08977799597865996,-0.014424240597454436,-0.06967148180581346,-0.02730712125048912,-0.04987816378938107,0.22157258923884607,0.4658459238975913,-0.44688696375635395,0.45324622155039873,-0.20458481937747475,0.28152875020914314,0.15830371383472752,0.18563013492798827,0.24729877841502687,0.3003050185726836,0.059686124137530557,0.3090060720006313,-0.083176780520052,0.07860498370663913,0.07866338273806742,0.10397805337754787,0.08988982204701408,0.0981152903319456,0.10550647964671783,0.12191200524123737,0.09843948658887561,0.1205086627573745,0.04978016168429928,0.05098355615814939,0.0030564051767268414,0.03546107708622057,0.0680787347190385,-0.00814912546315665,-0.02803700333811701,-0.025587286437932344,-0.04453760134847819,-0.03809724233101723,0.02004191616262188,-0.10370114407592554,0.07104639942080454,-0.07570936436559746
-0.0007663299241917803,-0.25942366984637033,-0.2238810035057794,-0.2881604317473931,-0.2868455992453059,0.01683942359832187,0.13806049166565507,-0.1422339003536748,0.14865077860129716,0.5406003473304851,1.0,1.0,0.44599810433274534,0.5716407525874657,0.15678247311545224,0.5262589854657135,0.3504644179210751,0.46855609519337565,0.07935042142695149,0.318237784226051,0.2423786292071958,0.25614701120758104,0.3141661977070654,0.2989220932450133,0.31889252387964373,-0.04610497059426583,-0.07549286594643129,0.2509291646409824,-0.096699053651664,-0.03658116282241765,-0.08454117558383394,-0.04617697806767368,-0.028377771868580627,0.1401361518190995,0.32072800357596026,-0.2897665285607762,0.29400262850364123,-0.14749704718595874,0.19912369665408214,0.06916740883974072,0.2565132499838869,0.3748269071442726,0.20989045294267317,0.06127699677809403,0.39046096143645814,-0.09052319203514407,0.13544597765385213,0.13534661423790043,0.1174191473657985,0.10869810333819516,0.10331089409505807,0.11500657069144732,0.13802779950857627,0.10729503150514647,0.13234244657034314,0.011476544784471205,0.01672962551307987,-0.05570203463356112,-0.00594979953435498,0.03184782945444538,-0.04996630965172537,-0.08968446213082554,-0.07836152606784677,-0.10954219211998077,-0.09557343036814504,-0.025016030454015546,-0.1830742998554466,0.2317812574740435,-0.1724780665155846
-0.0007663299241917803,-0.25942366984637033,-0.2238810035057794,-0.2881604317473931,-0.2868455992453059,0.01683942359832187,0.13806049166565507,-0.1422339003536748,0.14865077860129716,0.5406003473304851,1.0,1.0,0.44599810433274534,0.5716407525874657,0.15678247311545224,0.5262589854657135,0.3504644179210751,0.46855609519337565,0.07935042142695149,0.318237784226051,0.2423786292071958,0.25614701120758104,0.3141661977070654,0.2989220932450133,0.31889252387964373,-0.04610497059426583,-0.07549286594643129,0.2509291646409824,-0.096699053651664,-0.03658116282241765,-0.08454117558383394,-0.04617697806767368,-0.028377771868580627,0.1401361518190995,0.32072800357596026,-0.2897665285607762,0.29400262850364123,-0.14749704718595874,0.19912369665408214,0.06916740883974072,0.2565132499838869,0.3748269071442726,0.20989045294267317,0.06127699677809403,0.39046096143645814,-0.09052319203514407,0.13544597765385213,0.13534661423790043,0.1174191473657985,0.10869810333819516,0.10331089409505807,0.11500657069144732,0.13802779950857627,0.10729503150514647,0.13234244657034314,0.011476544784471205,0.01672962551307987,-0.05570203463356112,-0.00594979953435498,0.03184782945444538,-0.04996630965172537,-0.08968446213082554,-0.07836152606784677,-0.10954219211998077,-0.09557343036814504,-0.025016030454015546,-0.1830742998554466,0.2317812574740435,-0.1724780665155846
0.05855662262567413,-0.118989626194255,-0.02032670872037023,-0.08842536562500512,-0.09161837697429424,-0.15321849362880371,-0.18841259858342652,-0.07353564343288961,-0.1660628078690982,0.579815899779093,0.44599810433274534,0.44599810433274534,1.0,0.5735185895019268,0.7207347231282105,0.9173780490619046,0.9192273343239458,0.9918532281069289,0.0515171649698564,0.06592913522268201,-0.028696881753489733,0.09590606248612746,0.027217661609482587,0.0852338134953738,0.05052456775642309,-0.037768064889125576,0.22065816590354914,0.04022057153867266,0.20914703547442753,0.2518082629643129,0.2139782209272913,0.24941650999126821,-0.0024639656963567126,0.12195262789834416,0.11247460230281689,-0.10780715047836528,0.11254752267942031,-0.0380257932069323,0.11635072760224192,0.020251445472891986,0.1576594494759738,0.09776678870360246,0.12025769565339614,0.1574209609430404,0.10531104090573534,-0.039596437747986594,-0.10105978769549312,-0.10090500634010437,0.04924774704674195,0.03702513263794617,0.06580213956980493,0.0560175461055837,0.06581517251318986,0.04400306224162881,0.06340898605910533,0.03240924749685535,0.02897193884832089,0.04269256884506774,0.0314484516762535,0.0713270987106614,-0.03068041664191438,-0.03428929369643161,-0.04243973517078586,-0.020043612388548435,-0.0562363492957132,0.03246589438369821,-0.1317936722352952,-0.05840455986308661,-0.06184441207478469
0.06169300318015253,-0.26289695884885617,-0.25113671204584664,-0.2879837699226064,-0.2843782317171908,0.05307379983583489,0.12219773678712412,-0.19157664575247207,0.11715196632156838,0.7726839177127702,0.5716407525874657,0.5716407525874657,0.5735185895019268,1.0,0.10755536268602674,0.7536126205075823,0.3948972310429546,0.6201462928535132,0.14872838268224567,0.36723714652675443,0.3871331921061763,0.26184037453108894,0.39876800723978967,0.3235594107020268,0.38055406244751055,0.009433136757431545,-0.09319645622255635,0.39851727036366685,-0.13190486611264737,-0.02620619324808233,-0.10800543003282724,-0.042494474321761365,-0.060600320418842474,0.1990139358197689,0.5144445260677838,-0.4954286425436515,0.49999365987762473,-0.21633042184515688,0.2773884736184013,0.219442695701173,0.1903793176728749,0.26224959294364375,0.26816241043718797,0.013286666973692421,0.33439154857378645,-0.0868869011780061,0.13331708017453617,0.13320155027893057,0.11856948923960639,0.1064451252001654,0.1086926261931627,0.11912850640907625,0.13622955139037013,0.11277082726713882,0.13397373874727245,0.03695073204924896,0.038016452780636055,-0.019367745951528074,0.018317287567487857,0.05223048223306046,-0.020926852067371476,-0.057887050993873174,-0.051416455482486655,-0.07689608373602452,-0.06587403601330406,-0.0035467184596376126,-0.13080659575544537,0.09751374826034752,-0.10710521252312728
-0.016579014497482676,0.01592611073967655,0.1140308867716205,0.05497148200527168,0.04936215768281394,-0.19913538640082964,-0.27385257302584853,0.06585568152554278,-0.24403616652310942,0.14128068981152575,0.15678247311545224,0.15678247311545224,0.7207347231282105,0.10755536268602674,1.0,0.5439765650678943,0.8220663963374056,0.6782881598740101,0.10745506717015668,-0.16001510886707723,-0.2963557440993166,-0.041046635468502034,-0.23039743890809636,-0.10200444638935209,-0.18899790033851852,-0.04460330721541851,0.34575094794556255,-0.21952308441449175,0.36301907441780695,0.2997866342932967,0.3480637530998225,0.307600279522589,0.04384770659547921,-0.00684729879124725,-0.17705539733254674,0.17590666761199172,-0.17336160225553104,0.06490023589540422,-0.04790917776277824,-0.10008734022147325,0.06175221001355231,-0.05514365370415905,-0.036731919183442666,0.15075024066882464,-0.058648378795813264,0.0010898302190940447,-0.16930240684117442,-0.16899620073157665,-0.007581968682983489,-0.015601970162070359,0.024200998282365906,0.0019401999096825052,-0.0053069170705947665,-0.008223461123228309,-0.004241765357441117,0.02816817674023823,0.020955891372519596,0.08201630901099154,0.04774644749072182,0.045537840785858395,0.004209774133899671,0.009586245483905537,-0.008483662853011192,0.04978010191631806,0.003021589022191278,0.026021849632327412,-0.022841735323792432,-0.12851785487884923,-0.016841261387681484
0.07927905982794703,-0.17588572619851514,-0.09683854772686205,-0.16063840686210656,-0.16177194482262,-0.10087945487864501,-0.11170950997149302,-0.11909724370953516,-0.09731104850812708,0.7426641075219694,0.5262589854657135,0.5262589854657135,0.9173780490619046,0.7536126205075823,0.5439765650678943,1.0,0.786491953124108,0.9272216121741454,0.21875737599487052,0.17793647007675487,0.11287799091163286,0.16312074714291624,0.15975648070610818,0.17630523215906455,0.17113452236193322,-0.02353082633844059,0.1320770508542413,0.16934585492583387,0.10844841666708128,0.18021879607656766,0.12192823067128933,0.1715857980681375,-0.02408296591408386,0.16368202351610897,0.2702119085053948,-0.2658800396189282,0.26845428781507397,-0.1064238920407309,0.1806310600748155,0.10050251842935955,0.17075577518391047,0.15555648293269875,0.19014279253973715,0.13364874733614385,0.18058081729648967,-0.061544199776021775,-0.03734151460543338,-0.03722887685707482,0.06279530590572314,0.0486872057571803,0.07074450749189187,0.06827265780715104,0.0820963211374715,0.056554204078155784,0.07908428895751028,0.01558760955819075,0.012427261638198345,0.006406502301696261,0.009378144289951738,0.054294038216192685,-0.05546286990759843,-0.056522574989861574,-0.0622017857386605,-0.05561336594165983,-0.07847842342936946,0.01156964811016193,-0.1688231700961456,-0.02066727390887288,-0.08568796023913615
0.02947980174343866,-0.04725489808357479,0.058675744254163505,-0.0103664990574687,-0.014950537907054683,-0.15042084726905733,-0.19743936718478236,-0.04159618191869088,-0.17396284649160126,0.4463033554068149,0.3504644179210751,0.3504644179210751,0.9192273343239458,0.3948972310429546,0.8220663963374056,0.786491953124108,1.0,0.891565167957425,0.004235592832041034,-0.02731326598118896,-0.12771175160266796,0.0322912157190772,-0.07224924027688803,0.00399745668293407,-0.046024540684728096,-0.036166440839182135,0.27937937516299405,-0.07207998662519423,0.2786562257870253,0.24027010689872463,0.2791089718560474,0.24328877104476918,0.0027966764502587024,0.10614066245124318,0.04844678492172977,-0.04072064895406485,0.04536470236180795,-0.01635506045932988,0.09847821206278176,-0.015022978733824768,0.15392485620574842,0.06364579948932501,0.09719586130226375,0.20586069490140205,0.08250739757722603,-0.042027835908796565,-0.11973112300813057,-0.11947107606037081,0.053696117939586,0.04296862174407589,0.07450065911343112,0.060534944051919025,0.0679241309264939,0.04876555887451407,0.06592105428947402,0.06234559170108461,0.0575142610541465,0.08165327208849175,0.06332103544231538,0.09943660720379673,0.002883685769392149,0.007014350508738019,-0.00596528564214086,0.02577188458320811,-0.016195372872958576,0.07181957000209119,-0.08562885579568182,-0.12776500745692043,-0.02206758244836527
0.06294551203770057,-0.13119141611915158,-0.03680047651319175,-0.1029981691043068,-0.1057485492855203,-0.1410476507239082,-0.1711325577940118,-0.08565222317995078,-0.15026741990794473,0.608660989483643,0.46855609519337565,0.46855609519337565,0.9918532281069289,0.6201462928535132,0.6782881598740101,0.9272216121741454,0.891565167957425,1.0,0.0487103261766816,0.09061581461348459,0.003766739041604119,0.10870016457114816,0.056496368680419004,0.10471002927803363,0.07757986198290534,-0.03822656018754987,0.2010964247727355,0.07213964897584214,0.18664403282985517,0.23907335147730072,0.19325324893234935,0.2358732065742065,-0.008687492794115044,0.13014039422334256,0.14169853535282062,-0.13613728842815223,0.14111615106268635,-0.051169280796634915,0.13066532830017447,0.032526282372307404,0.1627283199552172,0.11122138498523547,0.1328599714723845,0.1501263612540302,0.12203684467579612,-0.04312049126184109,-0.08634313974927045,-0.08622314568068816,0.055091445049349194,0.043312205179424856,0.06955283703655053,0.06128079131060736,0.07211305631381425,0.04968511207309319,0.06958882931379483,0.032892479931874795,0.029684014378404285,0.03789282185841793,0.03020944844576935,0.07211418040691603,-0.031844351644441146,-0.03678862243159752,-0.04341737946650301,-0.026421041541027153,-0.05962994872167684,0.03191309784907194,-0.13780251837082919,-0.04639464303404449,-0.06765991140029498
-0.0001209522729183966,-0.06393852235975993,-0.05240560319952512,-0.06513501787936171,-0.06423322605177997,-0.04450976667921679,-0.0662404002851358,0.021138201962594035,-0.06230079438430437,0.14329865733096175,0.07935042142695149,0.07935042142695149,0.0515171649698564,0.14872838268224567,0.10745506717015668,0.21875737599487052,0.004235592832041034,0.0487103261766816,1.0,0.03353995232161793,-0.01695560897126269,0.057223030667220266,0.009390929621018333,0.04798810076097704,0.024302048940396417,-0.011969365750997982,0.08844327376112225,0.019844954376841754,0.08455014686166713,0.0940515798241718,0.08518094925606107,0.0911543820023124,-0.004275967091132873,-0.023347321294235536,0.025514194446847847,-0.03775562905576565,0.02464600119385239,-0.05380223211396364,-0.014311006003450815,0.007037724120695699,-0.05018234877179552,-0.05548777611209153,0.008618026856238928,-0.04371424325720892,-0.02498370974019395,-0.006256941009834169,-0.0312824223974686,-0.031303871346503045,-0.007115238551416685,-0.01209813497550205,-0.0028933763423353363,-0.003396300849771291,-0.009637653812654608,-0.006096826595661456,-0.008247522600745818,-0.01247057783925517,-0.016151263660832353,-0.003306567218527809,0.00036273110233145807,-0.014876595944152521,-0.013908240737956724,0.0008061182516916164,-0.010922198031848091,0.006401784628612882,0.01431770448093632,-0.0320927804165831,-0.005865705176074148,0.008638500855546967,-0.02338884685287842
-0.03879910711665119,-0.7179828074118777,-0.6710504436285551,-0.8138368134717207,-0.8075307451211738,0.07189003309594875,0.300774012198759,-0.39423369075118847,0.2951520007722986,0.34492668631558127,0.318237784226051,0.318237784226051,0.06592913522268201,0.36723714652675443,-0.16001510886707723,0.17793647007675487,-0.02731326598118896,0.09061581461348459,0.03353995232161793,1.0,0.6370218039619886,0.8585555778306301,0.9287329263231742,0.9532156698118148,0.9843801007831807,-0.14080971358779884,-0.39193471731096197,0.4156847778270932,-0.4175890990895807,-0.3317228048333155,-0.4017917746066343,-0.3453961871883084,-0.03991994953052924,0.27325287407785076,0.6629404272192057,-0.5935022768094045,0.5886626173174718,-0.3164484215118741,0.4205315068867378,0.08861183090600651,0.23662038405701502,0.44501814281949026,0.517409187980706,-0.06577507690610927,0.5816245150112721,-0.08977347059146353,0.37031564207806017,0.36991367219083204,0.17095251293568114,0.13414642034254268,0.15549114999059951,0.17016457837937418,0.16641812423030392,0.17051791895381152,0.1721523729521038,0.0665280840512392,0.03554404428304769,0.015203675586448116,0.05012683108247322,0.0052395086364263,0.06627682446082318,-0.06329513223510598,-0.09578290981522271,-0.012485858313833366,-0.015548678880532987,-0.08446997548908321,-0.0032819259593702974,0.02532671903490834,-0.05430440788764708
0.026892360656740496,-0.2677019641842119,-0.40119836241492907,-0.36033253297775764,-0.35174148668500577,0.37273496597768985,0.480836860693995,-0.3650937748748271,0.4445469175627969,0.32323475060407614,0.2423786292071958,0.2423786292071958,-0.028696881753489733,0.3871331921061763,-0.2963557440993166,0.11287799091163286,-0.12771175160266796,0.003766739041604119,-0.01695560897126269,0.6370218039619886,1.0,0.25225721075925434,0.8407910727418156,0.43378261196026585,0.7208914159032926,0.13238692002915414,-0.4497509357280441,0.4689882845633159,-0.47780504497995735,-0.3901137992177231,-0.4600748029508021,-0.4057468795938731,-0.04065956000097504,0.22156522580272303,0.6733708992315102,-0.638411754299759,0.6364638069242221,-0.28103765210742776,0.33202782205608405,0.2421267603807119,0.18169851042071636,0.3883183187732823,0.37916006490279647,-0.029570292169257908,0.44403423261226993,-0.1342819239283362,0.28512478163243976,0.28457299974481354,0.20471299341635182,0.20020180199322737,0.17860021098209983,0.1942743687286927,0.2095637417642549,0.19914628671161003,0.2069499786873437,0.13589338220893352,0.13297761192397536,0.04938811961181379,0.09218722179870326,0.10157317795286758,0.10603063414648987,0.031190225965971277,0.03585614867742002,0.0033656775808502733,0.02407271302332349,0.031920575869941015,0.019481319671195683,0.05071026063318048,0.06465162714521484
-0.06536496071168615,-0.7574852637546573,-0.6253884589458996,-0.823913706701796,-0.8212942367067014,-0.11744039414854002,0.09668266717961524,-0.2712521201028034,0.10600920348313136,0.259062713533915,0.25614701120758104,0.25614701120758104,0.09590606248612746,0.26184037453108894,-0.041046635468502034,0.16312074714291624,0.0322912157190772,0.10870016457114816,0.057223030667220266,0.8585555778306301,0.25225721075925434,1.0,0.6766853852910377,0.9382390171817925,0.7816903241435922,-0.08984722043295697,-0.23849613684438872,0.27568549510172546,-0.256448546194243,-0.19366816315606483,-0.24552511368839447,-0.2026944067736987,-0.024817711246335472,0.21928681171639763,0.474541261964451,-0.41129495953536455,0.4081639232486649,-0.24701092499639052,0.34486104268665474,0.011742134121128655,0.1923849558562225,0.3351343487484886,0.40786533601488384,-0.08214384187497349,0.46672818416501965,-0.03616640012050108,0.3017944535752127,0.3015836375043044,0.08491723439753175,0.043612687977802635,0.0781575036548533,0.08938319834229755,0.07731853198609244,0.08705206787248676,0.08511364396616986,-0.006148493962530968,-0.04063752681504689,-0.02579411882383992,-0.0029379893707758118,-0.06003674560530369,0.011626688582874141,-0.10934139358643431,-0.1507177714269634,-0.033768962061773024,-0.04476090649789257,-0.13007474988500933,-0.020648165536696544,0.01948589140163572,-0.10214191757479965
-0.01516158864377473,-0.5853360824824182,-0.6015876203412608,-0.6813660188432551,-0.673495886531341,0.1884726004375153,0.39611969483754733,-0.41900827379806804,0.3767837172949082,0.35931515239153144,0.3141661977070654,0.3141661977070654,0.027217661609482587,0.39876800723978967,-0.23039743890809636,0.15975648070610818,-0.07224924027688803,0.056496368680419004,0.009390929621018333,0.9287329263231742,0.8407910727418156,0.6766853852910377,1.0,0.8033746766903711,0.9523128012371859,0.043430031702344885,-0.4480766143010753,0.46781296592543414,-0.47672605067317386,-0.3848342878040339,-0.458654681709191,-0.40033446072272666,-0.04587073483808719,0.27716999841232925,0.7134576480425031,-0.6524136904790915,0.6498994750021702,-0.31174133156033396,0.4153549580528728,0.16151472480529105,0.24355457304132044,0.46391677258382297,0.4970113882153873,-0.047476139470161625,0.5784999866538085,-0.11253892439390327,0.3700292352664731,0.36955592380255314,0.20416186737722763,0.177739364388913,0.1832162493783927,0.1993174032290692,0.20417703602225012,0.20143645522247344,0.2069010266588427,0.1045699718979875,0.08299440016784816,0.03464318628666391,0.07449720347515323,0.05079867657578671,0.09021720186371097,-0.02255755750454557,-0.040588958919705244,-0.0009726935425262308,0.004593802283792866,-0.03495102533192364,0.009738204837514282,0.03595250514625002,-0.004450407957687173
-0.05273532667543036,-0.7644504792232538,-0.6756147057787402,-0.8540780032849412,-0.8499010762786441,-0.02108131389890089,0.2074284690039684,-0.3393803449223181,0.21055400669282975,0.3120590225656758,0.2989220932450133,0.2989220932450133,0.0852338134953738,0.3235594107020268,-0.10200444638935209,0.17630523215906455,0.00399745668293407,0.10471002927803363,0.04798810076097704,0.9532156698118148,0.43378261196026585,0.9382390171817925,0.8033746766903711,1.0,0.8971997402975217,-0.1936336246382078,-0.32776819470945406,0.3550300092327699,-0.34984180524583713,-0.27431226538014336,-0.3363523031805277,-0.28585818805419366,-0.03587186320976718,0.2474203825752902,0.5812898791612396,-0.5133023737072181,0.5083832733706668,-0.29433988579031434,0.3903028631736307,0.046252875478485334,0.2161792797047244,0.402451796415453,0.47302013454405845,-0.07745800616891561,0.542255592711938,-0.06196186330435283,0.34831192812026324,0.3480439467198012,0.13046484046723186,0.08926173954294937,0.11945293114937335,0.13250974810126284,0.1234728668497096,0.1315298145591503,0.1308579574797044,0.030641233944179364,-0.0037981623356887376,-0.005822244440247223,0.0242963439429973,-0.030656304604974417,0.04024228024095689,-0.08996549203502636,-0.12989176077043957,-0.023814993887856288,-0.03151171844046051,-0.11477399468215976,-0.01349222001930166,0.020017406234145992,-0.08784133834082924
-0.030589970920746536,-0.6700346112709301,-0.647023003108052,-0.7673425402502211,-0.7602750545335489,0.12217529413271291,0.34401541292552934,-0.4111755990460943,0.3333509401124207,0.3521140715195774,0.31889252387964373,0.31889252387964373,0.05052456775642309,0.38055406244751055,-0.18899790033851852,0.17113452236193322,-0.046024540684728096,0.07757986198290534,0.024302048940396417,0.9843801007831807,0.7208914159032926,0.7816903241435922,0.9523128012371859,0.8971997402975217,1.0,-0.14355225598736088,-0.41891694351204983,0.43838708251587705,-0.44565367619772467,-0.35742981934122403,-0.4292175211392856,-0.3718510547058596,-0.041111346738700566,0.2781710423106861,0.6887944417444457,-0.6204028239388497,0.6155365183571377,-0.3190573184422102,0.42315045161267545,0.10967900965163335,0.2404478224238968,0.4568266709407403,0.5180653133688203,-0.058132575428541285,0.5849669598821571,-0.10022872603868262,0.3738357122400898,0.3733444297352454,0.1870841734358788,0.153904962229124,0.16881124448586263,0.1843897305115216,0.18368180240820067,0.18584928484079868,0.1884350128680045,0.0823880427873672,0.05416797835789889,0.02370004341001437,0.06110607481172372,0.021933773961450326,0.07787046437337962,-0.04675221799803435,-0.07434685965230395,-0.006980417518107363,-0.006546227430756312,-0.06577970365230913,0.0029727508624989383,0.029456651811320643,-0.03714105156869343
0.03546401598965144,0.13659097693954658,0.1026367778456826,0.1667527470940195,0.16966622250262453,0.04335814565673107,-0.0008502991584659488,0.018590174277152968,-0.01633648173486864,-0.013896597728567507,-0.04610497059426583,-0.04610497059426583,-0.037768064889125576,0.009433136757431545,-0.04460330721541851,-0.02353082633844059,-0.036166440839182135,-0.03822656018754987,-0.011969365750997982,-0.14080971358779884,0.13238692002915414,-0.08984722043295697,0.043430031702344885,-0.1936336246382078,-0.14355225598736088,1.0,0.011529587912729504,0.012951132289465712,0.00980079129950122,0.01320741404429229,0.011330242676740846,0.012911739330776802,-0.0018243352987013127,-0.01575550459942383,0.007283371771646138,-0.03206520490224188,0.03717019484593782,0.041603227033707,-0.03900355155094637,0.1228240474246504,-0.011878650150539067,-0.03373157249807582,-0.06330148229677074,-0.0008003345633906782,-0.06046330902828463,-0.011868839021002841,-0.03818297319956381,-0.0380162942064816,0.014697835513768314,0.02899875845996618,0.012285279341061672,0.012356573219264984,0.018573775355542763,0.013790880361131625,0.016440246015325417,0.025158109997915283,0.037248488256814045,0.017381538358424157,0.01655266812240369,0.03802737510747908,0.016179313328271164,0.03625200727674893,0.051343169202473685,0.008726064022465672,0.018464472592890732,0.05441371602600475,0.015438056896922847,0.006173832163082964,0.07012926095635413
-0.17783360244841168,0.16602875637250145,0.2861763435752843,0.2724863686359484,0.2693852713237388,-0.28486893161941185,-0.4558390046093531,0.16630134953144177,-0.4225875597585845,-0.05809153722575548,-0.07549286594643129,-0.07549286594643129,0.22065816590354914,-0.09319645622255635,0.34575094794556255,0.1320770508542413,0.27937937516299405,0.2010964247727355,0.08844327376112225,-0.39193471731096197,-0.4497509357280441,-0.23849613684438872,-0.4480766143010753,-0.32776819470945406,-0.41891694351204983,0.011529587912729504,1.0,-0.41596126676547734,0.9906390223465896,0.9635051853530555,0.9980961571847828,0.9697261963601131,-0.031379503637547206,-0.04611256679627541,-0.4108181654354765,0.3857162178533511,-0.37446114892045834,0.24707367283150186,-0.14037122273531089,-0.12359213172331668,-0.03363208826101945,-0.35661116360766365,-0.22378404363536425,0.04795672279730448,-0.39797088840508865,0.05198623134304828,-0.26908621055297893,-0.2687341753122766,-0.07446913661238115,-0.0885379618652846,-0.04907617797522289,-0.05655822569030002,-0.07489007747556056,-0.06642002777341048,-0.06644859188378287,0.033730698274158234,0.021946585282806963,0.11168831801634382,0.08712499953579839,0.06105275318398773,0.0740107423945163,0.15636633763773475,0.15414178758332167,0.18819568926163155,0.17839971562960463,0.13782594504334184,0.19438684054658767,0.02182615181233537,0.14404397912277705
0.10412004507434693,-0.2555917652181205,-0.2941522407397387,-0.30987267334281116,-0.3053788639242942,0.13365961393178258,0.2577741351149991,-0.20542745315654165,0.22575327276155802,0.30156261671412443,0.2509291646409824,0.2509291646409824,0.04022057153867266,0.39851727036366685,-0.21952308441449175,0.16934585492583387,-0.07207998662519423,0.07213964897584214,0.019844954376841754,0.4156847778270932,0.4689882845633159,0.27568549510172546,0.46781296592543414,0.3550300092327699,0.43838708251587705,0.012951132289465712,-0.41596126676547734,1.0,-0.4909114580478201,-0.3069569086972118,-0.4486134405530442,-0.3414653336973557,-0.03669813261053138,0.20279004941425005,0.5295555229329426,-0.5136891680571508,0.5154638801911383,-0.1703323821656493,0.27609682030209465,0.23928137228159646,0.20222410422692977,0.3647543946957123,0.24861488085941377,-0.0075199344865826126,0.39895841245569286,-0.06334460202483111,0.2901755061994872,0.2900671629899333,0.10765728652937981,0.09937597761978952,0.08142920115364448,0.09965908834267832,0.11699273319594725,0.10105991406724982,0.11156215831862791,0.0010000212895070223,-0.011081695413656473,-0.08181644620381825,-0.0402637447369879,-0.0014294604551766405,-0.045463355987496554,-0.06349692511033028,-0.07250597742378677,-0.10204666124999538,-0.08063821746951222,-0.013715325574603983,-0.11728810405322541,0.02796748226659779,-0.025436807919036724
-0.17745354370738153,0.18627473233580902,0.3023713963247297,0.2915778776465857,0.28800314923194786,-0.2825755632713786,-0.4587538240699881,0.18179699338441116,-0.42443113182307257,-0.08977799597865996,-0.096699053651664,-0.096699053651664,0.20914703547442753,-0.13190486611264737,0.36301907441780695,0.10844841666708128,0.2786562257870253,0.18664403282985517,0.08455014686166713,-0.4175890990895807,-0.47780504497995735,-0.256448546194243,-0.47672605067317386,-0.34984180524583713,-0.44565367619772467,0.00980079129950122,0.9906390223465896,-0.4909114580478201,1.0,0.9404741060921467,0.9922051007967675,0.9500704229157786,0.0075218820270934955,-0.06697462887147287,-0.4468928311905987,0.42095306480677724,-0.410665442555802,0.2532898905239781,-0.16301224246120397,-0.14172245609808035,-0.05213687277881485,-0.3747719600176687,-0.24083493410182125,0.04723871423396101,-0.41716100394130634,0.05615299820289608,-0.2855260538065702,-0.2851656215601556,-0.08022847634881654,-0.09267705750138595,-0.05305998976336492,-0.06267753652225605,-0.08233291620443539,-0.07168727837197963,-0.07342013055937775,0.03448331601360956,0.02501437863010987,0.11723629419108139,0.0888006796893986,0.05941840113029875,0.07755501990277555,0.1571666035168589,0.15512292558221738,0.19262360015666732,0.18023170629473306,0.13303029379001904,0.19850695926457954,0.012257968422803144,0.13932373675591914
-0.14643326155528277,0.11435481935026415,0.23395764874719532,0.22022756979812452,0.2179466872969322,-0.30083762973368416,-0.46478064509523587,0.14203972866859568,-0.4332257090917542,-0.014424240597454436,-0.03658116282241765,-0.03658116282241765,0.2518082629643129,-0.02620619324808233,0.2997866342932967,0.18021879607656766,0.24027010689872463,0.23907335147730072,0.0940515798241718,-0.3317228048333155,-0.3901137992177231,-0.19366816315606483,-0.3848342878040339,-0.27431226538014336,-0.35742981934122403,0.01320741404429229,0.9635051853530555,-0.3069569086972118,0.9404741060921467,1.0,0.9540346072193312,0.9968757506050787,-0.01119878109718556,-0.03585008270689192,-0.38110355080627023,0.35245906289851203,-0.3409179953641858,0.24871672954401963,-0.13511642229534224,-0.09765172224737009,-0.028723828141602247,-0.33421591521661154,-0.21452854863980542,0.025851378922797867,-0.3907234907319811,0.05566158395661254,-0.25408375092480695,-0.2537394569253853,-0.08038416756737642,-0.09489026742399208,-0.056110473202554405,-0.062344528606996706,-0.07950207409043632,-0.07274640251483976,-0.07163696821517063,0.010011844194466426,-0.002266464275529313,0.0847566749152364,0.061894690591498575,0.039067483117723054,0.047629741463324465,0.1277076232396209,0.12720589212263342,0.15731574601254109,0.14800923972524757,0.1134282548008942,0.1628402209521043,0.04906249713328967,0.12124221979721582
-0.17809982746275854,0.17433985711474193,0.2944588012911564,0.28102677025483636,0.27776767598294844,-0.2840266704609799,-0.45620408368195375,0.17090478762808264,-0.4225238947852901,-0.06967148180581346,-0.08454117558383394,-0.08454117558383394,0.2139782209272913,-0.10800543003282724,0.3480637530998225,0.12192823067128933,0.2791089718560474,0.19325324893234935,0.08518094925606107,-0.4017917746066343,-0.4600748029508021,-0.24552511368839447,-0.458654681709191,-0.3363523031805277,-0.4292175211392856,0.011330242676740846,0.9980961571847828,-0.4486134405530442,0.9922051007967675,0.9540346072193312,1.0,0.9620544779270039,-0.03393229020917405,-0.0516587544161414,-0.42153639582024,0.3965868309677355,-0.3854262893234975,0.2484685605536846,-0.1465343716227435,-0.130100417706453,-0.0395394596146525,-0.3632610358502502,-0.2285372693580614,0.04918931879577653,-0.4048056161154058,0.05253084716189725,-0.2746821330844683,-0.2743446468972572,-0.07625595126389595,-0.08979086785395554,-0.050065795991692176,-0.058387565931367236,-0.07720355991169617,-0.06801915587814437,-0.06855929602855244,0.03396325299658874,0.022910480999298693,0.11364378006898372,0.08763687011718374,0.06073450298995063,0.07496690682481906,0.15726505432075602,0.1553057750458674,0.19021831856853494,0.17947260491340597,0.13752642940999468,0.1959384317942499,0.017011205658216844,0.1442443539215162
-0.14816886687936442,0.12477352556622255,0.2439199242184014,0.23105579182782943,0.22851273282618328,-0.3028269572954025,-0.47029839513592125,0.15104985344045513,-0.4383184425329987,-0.02730712125048912,-0.04617697806767368,-0.04617697806767368,0.24941650999126821,-0.042494474321761365,0.307600279522589,0.1715857980681375,0.24328877104476918,0.2358732065742065,0.0911543820023124,-0.3453961871883084,-0.4057468795938731,-0.2026944067736987,-0.40033446072272666,-0.28585818805419366,-0.3718510547058596,0.012911739330776802,0.9697261963601131,-0.3414653336973557,0.9500704229157786,0.9968757506050787,0.9620544779270039,1.0,-0.033295581597595394,-0.04363999559044076,-0.3974300681730669,0.3692752063144768,-0.3576726359966621,0.2509731907329887,-0.14342128055796208,-0.1075149043923265,-0.03745967347143858,-0.34502830105972004,-0.22211020954915955,0.025608410846318683,-0.4023839393425824,0.057628783758969446,-0.2633089576179828,-0.2629553600197473,-0.0835796453045212,-0.0978416293980556,-0.05832368855049292,-0.06537237961190911,-0.08331520144553307,-0.07577772875127907,-0.0753332877281281,0.010670962998823566,-0.0010275548415396804,0.08814389397656103,0.06388197637428143,0.038897851791041,0.04974521724012124,0.1291382753685577,0.12840715723661764,0.1609695553315955,0.15070560484926473,0.1124434386970164,0.16618453143370335,0.045380858120240154,0.12147660791652341
0.0030689516647594006,0.03714066319625706,0.010927035117883708,0.02706691041369927,0.02737344830851728,0.009824654385501598,-0.0087797212489036,0.027062076344655944,-0.007936428097687017,-0.04987816378938107,-0.028377771868580627,-0.028377771868580627,-0.0024639656963567126,-0.060600320418842474,0.04384770659547921,-0.02408296591408386,0.0027966764502587024,-0.008687492794115044,-0.004275967091132873,-0.03991994953052924,-0.04065956000097504,-0.024817711246335472,-0.04587073483808719,-0.03587186320976718,-0.041111346738700566,-0.0018243352987013127,-0.031379503637547206,-0.03669813261053138,0.0075218820270934955,-0.01119878109718556,-0.03393229020917405,-0.033295581597595394,1.0,-0.04225452333000185,-0.08137716068819531,0.07218116022638796,-0.07774970657955574,0.026085122323727464,-0.052187503794026945,-0.031934775411937705,-0.031362247393611375,-0.03372801423122475,-0.031510656716424675,-0.007357121598144095,-0.034502838449781664,0.014059800251855251,-0.03511613405966024,-0.035207724480877826,-0.009966924523713484,-0.00725632419554896,-0.009816453124987776,-0.011005441763942417,-0.012047462894320684,-0.009027599718440176,-0.010742623458452366,-0.001441349697211591,-0.00035893661048307123,0.003982459248105955,0.0006597693529946975,-0.004530515232271303,0.0023416453146504973,0.004988098840385706,0.00615233946090721,0.002048589387212778,0.002499385889956964,-0.007783917965313309,0.006074663697944073,0.0020599691138669537,-0.011976538192386156
-0.16685878120317102,-0.17293993117648554,-0.08322607793923284,-0.15066208456636146,-0.1529125928196013,0.0004102668844894681,0.057539957935707965,-0.21880512281647344,0.05828704930850989,0.22157258923884607,0.1401361518190995,0.1401361518190995,0.12195262789834416,0.1990139358197689,-0.00684729879124725,0.16368202351610897,0.10614066245124318,0.13014039422334256,-0.023347321294235536,0.27325287407785076,0.22156522580272303,0.21928681171639763,0.27716999841232925,0.2474203825752902,0.2781710423106861,-0.01575550459942383,-0.04611256679627541,0.20279004941425005,-0.06697462887147287,-0.03585008270689192,-0.0516587544161414,-0.04363999559044076,-0.04225452333000185,1.0,0.39544738795031015,-0.2902477805266555,0.4029419787190553,0.4798446167504215,0.9101720725169696,-0.01669464803498526,0.6824799608008142,0.2245172601109958,0.4688861321732187,0.1701493971617433,0.36245062798419,-0.08922701414644686,0.059056387787718774,0.05879870370850023,0.13682796804593592,0.10379140148850018,0.10765379966307179,0.13002774486559374,0.15772961647900702,0.13133594812078803,0.1561606024002861,0.09644504343349207,0.06948952157773089,0.04839401789756603,0.07374177199053995,0.15151527558887232,0.048013877981763424,0.05127999431871667,0.048256343096299434,0.05920209399570664,0.04075830380387959,0.16523574484127534,-0.005827864753178442,-0.04728237893541813,0.11762585580021821
-0.01593248587199799,-0.40250642597884384,-0.397987010253894,-0.4696634209975514,-0.46565852157316434,0.2010682896386771,0.38715497741197535,-0.3728803391445088,0.3685813516676692,0.4658459238975913,0.32072800357596026,0.32072800357596026,0.11247460230281689,0.5144445260677838,-0.17705539733254674,0.2702119085053948,0.04844678492172977,0.14169853535282062,0.025514194446847847,0.6629404272192057,0.6733708992315102,0.474541261964451,0.7134576480425031,0.5812898791612396,0.6887944417444457,0.007283371771646138,-0.4108181654354765,0.5295555229329426,-0.4468928311905987,-0.38110355080627023,-0.42153639582024,-0.3974300681730669,-0.08137716068819531,0.39544738795031015,1.0,-0.9276518941944741,0.9262882644964,-0.4433781402279058,0.5653108042667021,0.2916499459616693,0.2895970650632141,0.5238057585756586,0.531109493207557,0.04518473250517718,0.5930429599959821,-0.15800274425133246,0.36318136041922233,0.3626820017428893,0.21116754829319823,0.18775861523187215,0.18383835870696558,0.20415135510659155,0.21802718859644937,0.20601222290037013,0.2178893066040934,0.10922889450354573,0.08833940511217157,0.014553048119871516,0.0653883257754037,0.08595686316756462,0.07233447016547613,-0.03384601020284456,-0.04822096332321923,-0.0516997021585708,-0.04100190968658707,0.027088703387046935,-0.0512297803878986,0.016257137414210993,0.03216776571608626
-0.01252667109927266,0.35222851142133066,0.36636339893716063,0.41676398923706265,0.41273699854446255,-0.1929635360471844,-0.3497172059445432,0.3250182752536142,-0.3262193752581197,-0.44688696375635395,-0.2897665285607762,-0.2897665285607762,-0.10780715047836528,-0.4954286425436515,0.17590666761199172,-0.2658800396189282,-0.04072064895406485,-0.13613728842815223,-0.03775562905576565,-0.5935022768094045,-0.638411754299759,-0.41129495953536455,-0.6524136904790915,-0.5133023737072181,-0.6204028239388497,-0.03206520490224188,0.3857162178533511,-0.5136891680571508,0.42095306480677724,0.35245906289851203,0.3965868309677355,0.3692752063144768,0.07218116022638796,-0.2902477805266555,-0.9276518941944741,1.0,-0.8971871516325609,0.4327233080877829,-0.4360143687414411,-0.3524458926017531,-0.21812915588868614,-0.4811796568144104,-0.4582113603220685,-0.03754472340158127,-0.5198059012794015,0.13917699839931594,-0.33746444904363915,-0.337029566773578,-0.17673806613913945,-0.15721034707846307,-0.15158822740015404,-0.17062693161058118,-0.18383166702935785,-0.17143169885905812,-0.18277194219519613,-0.0840474979832088,-0.06507296015164264,0.0031149788712312456,-0.043063424774714205,-0.0662943534920397,-0.04801070186951152,0.04303512983141286,0.056186757733035844,0.06637834319140692,0.05503012810689172,-0.015316895658061,0.0703457091199847,-0.009916024947397193,-0.031116798512880194
-0.010454167778968992,-0.3518712017477296,-0.3585918886206566,-0.41049448723229265,-0.4071338905644797,0.18894430524066338,0.345160573239922,-0.33125189687608486,0.32283932665717646,0.45324622155039873,0.29400262850364123,0.29400262850364123,0.11254752267942031,0.49999365987762473,-0.17336160225553104,0.26845428781507397,0.04536470236180795,0.14111615106268635,0.02464600119385239,0.5886626173174718,0.6364638069242221,0.4081639232486649,0.6498994750021702,0.5083832733706668,0.6155365183571377,0.03717019484593782,-0.37446114892045834,0.5154638801911383,-0.410665442555802,-0.3409179953641858,-0.3854262893234975,-0.3576726359966621,-0.07774970657955574,0.4029419787190553,0.9262882644964,-0.8971871516325609,1.0,-0.320683841621926,0.5182995071396431,0.49040011514332343,0.3061793456543101,0.5035208267895487,0.46016931483970663,0.055701090995784124,0.5379410343811267,-0.1439618906146741,0.33471396365762074,0.33422866789218286,0.18532540401571856,0.16440446179614054,0.15822471968862079,0.1783606562400954,0.1938654647288945,0.18025161188200525,0.1931777013218045,0.09457306135994131,0.07520123488899029,0.006846065539400329,0.052802970879140175,0.0829183220329887,0.05749086504733204,-0.030583995011968533,-0.04210277316305698,-0.04886224034050601,-0.04110331732543764,0.03901641254667816,-0.054116210409351995,0.00041975692180004376,0.04433707811347605
-0.10556114107500893,0.21192145791650027,0.23408277855059603,0.2689534991151036,0.26444654075245505,-0.13483958027579163,-0.23143136145929138,0.16633341147666553,-0.2384676592853755,-0.20458481937747475,-0.14749704718595874,-0.14749704718595874,-0.0380257932069323,-0.21633042184515688,0.06490023589540422,-0.1064238920407309,-0.01635506045932988,-0.051169280796634915,-0.05380223211396364,-0.3164484215118741,-0.28103765210742776,-0.24701092499639052,-0.31174133156033396,-0.29433988579031434,-0.3190573184422102,0.041603227033707,0.24707367283150186,-0.1703323821656493,0.2532898905239781,0.24871672954401963,0.2484685605536846,0.2509731907329887,0.026085122323727464,0.4798446167504215,-0.4433781402279058,0.4327233080877829,-0.320683841621926,1.0,0.20082780246894946,-0.011887505511976204,0.38433218691455173,-0.20518963345718907,-0.16005791855673662,0.10340769849120822,-0.17250382754328247,0.07018285368324252,-0.18597119949454857,-0.1859077595607349,-0.04106726682353261,-0.04801191404389349,-0.0474203190060674,-0.044486357814592356,-0.029118250564674184,-0.04182618004729744,-0.03067725848658569,-0.014757690302760194,-0.018390557238745685,0.00914378956042757,-0.00827322974603738,0.04798015474325033,-0.0326864370024759,0.05864013993183849,0.07565672929874576,0.08113548832324051,0.05449938079676749,0.11619351889496576,0.01928760133916316,-0.07889696409868042,0.07226953775105857
-0.15472410794721755,-0.27844004750858503,-0.19776039381955807,-0.28386457211758115,-0.28464482913186606,0.061138392301697354,0.1682284944463109,-0.2898313490224771,0.1710795036716463,0.28152875020914314,0.19912369665408214,0.19912369665408214,0.11635072760224192,0.2773884736184013,-0.04790917776277824,0.1806310600748155,0.09847821206278176,0.13066532830017447,-0.014311006003450815,0.4205315068867378,0.33202782205608405,0.34486104268665474,0.4153549580528728,0.3903028631736307,0.42315045161267545,-0.03900355155094637,-0.14037122273531089,0.27609682030209465,-0.16301224246120397,-0.13511642229534224,-0.1465343716227435,-0.14342128055796208,-0.052187503794026945,0.9101720725169696,0.5653108042667021,-0.4360143687414411,0.5182995071396431,0.20082780246894946,1.0,-0.05877649189447379,0.6117882582184372,0.3044281206144485,0.5337144073188734,0.13788379359011035,0.46817356526452164,-0.11644944222002786,0.14412745262416948,0.14373755030759458,0.1809886408281023,0.14764801422430654,0.1518016107671374,0.1750766566948582,0.19756164080128044,0.17556944770643884,0.19690945669749324,0.12177622394400829,0.09455055911732743,0.060754367482280025,0.09433748082167791,0.15215336432972512,0.07703681675347224,0.04222558204624853,0.03384136702917006,0.052403820709193055,0.03901302815958114,0.13844088886022818,0.0034236250893517916,-0.020684620687114293,0.08027331092556705
0.059975192528730153,-0.020473111847209083,-0.07700845106319504,-0.040126784039163706,-0.038854898554024964,0.06944331588948857,0.08383518516130166,-0.030648915743918363,0.05434386853698467,0.15830371383472752,0.06916740883974072,0.06916740883974072,0.020251445472891986,0.219442695701173,-0.10008734022147325,0.10050251842935955,-0.015022978733824768,0.032526282372307404,0.007037724120695699,0.08861183090600651,0.2421267603807119,0.011742134121128655,0.16151472480529105,0.046252875478485334,0.10967900965163335,0.1228240474246504,-0.12359213172331668,0.23928137228159646,-0.14172245609808035,-0.09765172224737009,-0.130100417706453,-0.1075149043923265,-0.031934775411937705,-0.01669464803498526,0.2916499459616693,-0.3524458926017531,0.49040011514332343,-0.011887505511976204,-0.05877649189447379,1.0,0.06173311589978657,0.16908560852985038,-0.02118517351100779,0.03407149432442577,0.10697822907543886,-0.027304800114100827,0.12172577681042904,0.12142018607253181,0.013915779990684404,0.01654253821440203,0.005765431297154887,0.009422138003519128,0.017520448879189614,0.01214539550293092,0.01601117696589661,-0.022825445391663927,-0.021250149178634558,-0.05100182812766159,-0.03985542574770677,-0.018891599396311,-0.03448433764548351,-0.0467669997131072,-0.0415567849053674,-0.0631622942467462,-0.06194531086938389,-0.008187771103294175,-0.06852447396021037,-0.033477195660948554,0.007867141612105204
-0.2013204125393269,-0.17045860651219524,-0.06698080037183442,-0.14800507390709716,-0.15247219564641987,-0.02304342068715703,0.0576011538328233,-0.21720606233745815,0.05454554884382676,0.18563013492798827,0.2565132499838869,0.2565132499838869,0.1576594494759738,0.1903793176728749,0.06175221001355231,0.17075577518391047,0.15392485620574842,0.1627283199552172,-0.05018234877179552,0.23662038405701502,0.18169851042071636,0.1923849558562225,0.24355457304132044,0.2161792797047244,0.2404478224238968,-0.011878650150539067,-0.03363208826101945,0.20222410422692977,-0.05213687277881485,-0.028723828141602247,-0.0395394596146525,-0.03745967347143858,-0.031362247393611375,0.6824799608008142,0.2895970650632141,-0.21812915588868614,0.3061793456543101,0.38433218691455173,0.6117882582184372,0.06173311589978657,1.0,0.36813785143633715,0.26513183979886024,0.263742057533296,0.4623633378379449,-0.08422467339594786,0.10403802062431644,0.10389248308351234,0.15711261061286766,0.12553461992185844,0.12137133365758969,0.1463415103782598,0.18397963632124878,0.14795473317655222,0.17879083926477599,0.10175475235040021,0.07709968574297459,0.03581605185323886,0.07237239797960048,0.17049266171537178,0.0474447803888487,0.05314984163935256,0.05773411555399063,0.0575256205694476,0.0367074827128363,0.20429862689967204,-0.023429193652770963,-0.0518133034936339,0.1607869255353671
0.04871753944257022,-0.30625321520382726,-0.24676522645371196,-0.3449684503809637,-0.345853919102621,0.0759928255067964,0.2824681552789646,-0.2797448963685205,0.27252565807626955,0.24729877841502687,0.3748269071442726,0.3748269071442726,0.09776678870360246,0.26224959294364375,-0.05514365370415905,0.15555648293269875,0.06364579948932501,0.11122138498523547,-0.05548777611209153,0.44501814281949026,0.3883183187732823,0.3351343487484886,0.46391677258382297,0.402451796415453,0.4568266709407403,-0.03373157249807582,-0.35661116360766365,0.3647543946957123,-0.3747719600176687,-0.33421591521661154,-0.3632610358502502,-0.34502830105972004,-0.03372801423122475,0.2245172601109958,0.5238057585756586,-0.4811796568144104,0.5035208267895487,-0.20518963345718907,0.3044281206144485,0.16908560852985038,0.36813785143633715,1.0,0.2998242371383629,0.15593394097180596,0.5849106326116084,-0.0621692993385494,0.37999547041592113,0.3794997563028754,0.13330864160396874,0.11805872799286403,0.10558298402554721,0.12205571570163554,0.1447129382054511,0.12612655271677617,0.14102865268833598,0.011918859572998292,-0.003945890782428887,-0.08404582229844211,-0.034686201325354216,0.016239644573245643,-0.03137426284520244,-0.037908168857796444,-0.05378169530061179,-0.0816136148444596,-0.0687462044156459,0.044361399641175595,-0.09232333561011663,-0.03553773835683414,0.11701516023123872
-0.0137857553236233,-0.32258161365451726,-0.2676834807126807,-0.34789406042223564,-0.3457035559093085,0.07459260191571897,0.19701038355306516,-0.2909447734383136,0.20517410442189873,0.3003050185726836,0.20989045294267317,0.20989045294267317,0.12025769565339614,0.26816241043718797,-0.036731919183442666,0.19014279253973715,0.09719586130226375,0.1328599714723845,0.008618026856238928,0.517409187980706,0.37916006490279647,0.40786533601488384,0.4970113882153873,0.47302013454405845,0.5180653133688203,-0.06330148229677074,-0.22378404363536425,0.24861488085941377,-0.24083493410182125,-0.21452854863980542,-0.2285372693580614,-0.22211020954915955,-0.031510656716424675,0.4688861321732187,0.531109493207557,-0.4582113603220685,0.46016931483970663,-0.16005791855673662,0.5337144073188734,-0.02118517351100779,0.26513183979886024,0.2998242371383629,1.0,0.14124956148728712,0.5432374062715992,-0.1511485060867001,0.1620934237516809,0.16217085225237232,0.1444842046616579,0.12359251073746341,0.13938274960451372,0.14282184210581045,0.14899891886116726,0.141827134633096,0.15088350332727662,0.09894340563763271,0.08114859033112444,0.06854840796705156,0.08226124664409212,0.08562059191437288,0.06872125632577217,-0.003273963209681526,-0.006910671249904301,0.01868584260280466,0.004177450571067207,0.015033605315935214,-0.014258871403259005,-0.04837934350585866,-0.018042638403372963
0.06948106545179872,0.08472965883997859,0.14531907118555698,0.12122973249389202,0.11681601959986851,-0.04629536398512693,-0.053684791589989934,-0.07296048834037246,-0.05278853413730205,0.059686124137530557,0.06127699677809403,0.06127699677809403,0.1574209609430404,0.013286666973692421,0.15075024066882464,0.13364874733614385,0.20586069490140205,0.1501263612540302,-0.04371424325720892,-0.06577507690610927,-0.029570292169257908,-0.08214384187497349,-0.047476139470161625,-0.07745800616891561,-0.058132575428541285,-0.0008003345633906782,0.04795672279730448,-0.0075199344865826126,0.04723871423396101,0.025851378922797867,0.04918931879577653,0.025608410846318683,-0.007357121598144095,0.1701493971617433,0.04518473250517718,-0.03754472340158127,0.055701090995784124,0.10340769849120822,0.13788379359011035,0.03407149432442577,0.263742057533296,0.15593394097180596,0.14124956148728712,1.0,0.2014194691855883,-0.060389637911158534,-0.016262166900668413,-0.016229955333255934,0.06366692964866809,0.06454457525850361,0.07011770818294173,0.058343393252772005,0.08040326186652905,0.05727079660624675,0.07681186915625429,0.04405936258161118,0.06358242896986598,0.049006308735853064,0.013000539227003814,0.09936778205186969,-0.021009084448749746,0.042588679976119044,0.07333741488927677,0.04211911066479912,-0.004201877668727487,0.1570765958385215,-0.06962571274665472,-0.22823903204093374,0.07820840370840128
-0.011357808773512015,-0.40915794029112745,-0.3619183679319377,-0.46993241476278164,-0.4687419918089604,0.08501152318099091,0.3257117228168792,-0.3071485788327338,0.3149225109317269,0.3090060720006313,0.39046096143645814,0.39046096143645814,0.10531104090573534,0.33439154857378645,-0.058648378795813264,0.18058081729648967,0.08250739757722603,0.12203684467579612,-0.02498370974019395,0.5816245150112721,0.44403423261226993,0.46672818416501965,0.5784999866538085,0.542255592711938,0.5849669598821571,-0.06046330902828463,-0.39797088840508865,0.39895841245569286,-0.41716100394130634,-0.3907234907319811,-0.4048056161154058,-0.4023839393425824,-0.034502838449781664,0.36245062798419,0.5930429599959821,-0.5198059012794015,0.5379410343811267,-0.17250382754328247,0.46817356526452164,0.10697822907543886,0.4623633378379449,0.5849106326116084,0.5432374062715992,0.2014194691855883,1.0,-0.12931133300412664,0.3814153696148921,0.38095450505921874,0.21785542027086685,0.19438983893262338,0.19740176843454882,0.20804685978284201,0.22588126929561814,0.21358035532228137,0.22868134001628326,0.10597769486786307,0.0938049832242155,0.03243012914528546,0.06306456369059692,0.07710512231671403,0.06980645152372676,-0.027486492109434782,-0.02228378663491061,-0.011843249005047449,-0.023411964903474095,0.012303677829253918,-0.04448267870432608,-0.03982406868295867,-0.017809381217638615
0.008032561206587392,0.013277094166496379,0.04140428492065962,0.03019468918051791,0.03186012760323853,-0.08215877518248339,-0.09073526429631548,0.04474620603990923,-0.09044918049325855,-0.083176780520052,-0.09052319203514407,-0.09052319203514407,-0.039596437747986594,-0.0868869011780061,0.0010898302190940447,-0.061544199776021775,-0.042027835908796565,-0.04312049126184109,-0.006256941009834169,-0.08977347059146353,-0.1342819239283362,-0.03616640012050108,-0.11253892439390327,-0.06196186330435283,-0.10022872603868262,-0.011868839021002841,0.05198623134304828,-0.06334460202483111,0.05615299820289608,0.05566158395661254,0.05253084716189725,0.057628783758969446,0.014059800251855251,-0.08922701414644686,-0.15800274425133246,0.13917699839931594,-0.1439618906146741,0.07018285368324252,-0.11644944222002786,-0.027304800114100827,-0.08422467339594786,-0.0621692993385494,-0.1511485060867001,-0.060389637911158534,-0.12931133300412664,1.0,0.049810530636793166,0.04990404765963528,-0.08008780314459081,-0.08489207799454929,-0.08388437750806886,-0.07885945156893857,-0.08474869223237794,-0.0760490940131489,-0.07984935699758669,-0.10569107684486784,-0.1046537020227886,-0.09344219645210085,-0.09282925117437228,-0.10034581211801089,-0.07403101124140483,-0.02738793998490278,-0.029113635284408284,-0.028198782966861482,-0.019583573238077384,-0.03193459001509116,-0.017870978763913182,0.027618792603813704,-0.0050482941880399335
-0.021442761140978695,-0.2803412873368946,-0.253976262384997,-0.32513346892841627,-0.3219562532999101,0.024462398041491643,0.22976254293249812,-0.14771956638722156,0.20908601409270539,0.07860498370663913,0.13544597765385213,0.13544597765385213,-0.10105978769549312,0.13331708017453617,-0.16930240684117442,-0.03734151460543338,-0.11973112300813057,-0.08634313974927045,-0.0312824223974686,0.37031564207806017,0.28512478163243976,0.3017944535752127,0.3700292352664731,0.34831192812026324,0.3738357122400898,-0.03818297319956381,-0.26908621055297893,0.2901755061994872,-0.2855260538065702,-0.25408375092480695,-0.2746821330844683,-0.2633089576179828,-0.03511613405966024,0.059056387787718774,0.36318136041922233,-0.33746444904363915,0.33471396365762074,-0.18597119949454857,0.14412745262416948,0.12172577681042904,0.10403802062431644,0.37999547041592113,0.1620934237516809,-0.016262166900668413,0.3814153696148921,0.049810530636793166,1.0,0.9991344027372148,0.10993488471828072,0.08993997206628174,0.0794950024923958,0.09975219185910297,0.09487809819942505,0.11111586337220543,0.10068721196727033,-0.1283431546132649,-0.13295871164472553,-0.1766886718569414,-0.1544543537797263,-0.18710594555097856,-0.09829509766897856,-0.025650205647789064,-0.023434324920041306,-0.01936926079443993,-0.02159164955622959,-0.023905489914310487,-0.024141114764501325,0.031044685308792536,-0.024607358967383704
-0.021354802888035918,-0.2798560073852438,-0.2533118174593964,-0.3245598516523712,-0.32143427986896095,0.023951002828244382,0.2292554928131018,-0.1471340612057371,0.20862745909932745,0.07866338273806742,0.13534661423790043,0.13534661423790043,-0.10090500634010437,0.13320155027893057,-0.16899620073157665,-0.03722887685707482,-0.11947107606037081,-0.08622314568068816,-0.031303871346503045,0.36991367219083204,0.28457299974481354,0.3015836375043044,0.36955592380255314,0.3480439467198012,0.3733444297352454,-0.0380162942064816,-0.2687341753122766,0.2900671629899333,-0.2851656215601556,-0.2537394569253853,-0.2743446468972572,-0.2629553600197473,-0.035207724480877826,0.05879870370850023,0.3626820017428893,-0.337029566773578,0.33422866789218286,-0.1859077595607349,0.14373755030759458,0.12142018607253181,0.10389248308351234,0.3794997563028754,0.16217085225237232,-0.016229955333255934,0.38095450505921874,0.04990404765963528,0.9991344027372148,1.0,0.10973708986912692,0.08979317671145653,0.07933459063969726,0.09955468326038577,0.09467371618929564,0.11089567414850464,0.1004597554734203,-0.128350279484443,-0.13294763535037235,-0.17667809112930105,-0.15443434265431033,-0.18703847494712786,-0.09846713849077764,-0.025751327679480802,-0.02356830431735793,-0.01949951797095371,-0.021650353629966732,-0.023983118619140566,-0.024257531742549066,0.030950562595589474,-0.02469377626240579
-0.0715876344317232,-0.06068536635447681,-0.07021418754303646,-0.06855573134581093,-0.06443969110601584,0.09238168761894336,0.16322063490536648,-0.14876037581315443,0.14744605809167904,0.10397805337754787,0.1174191473657985,0.1174191473657985,0.04924774704674195,0.11856948923960639,-0.007581968682983489,0.06279530590572314,0.053696117939586,0.055091445049349194,-0.007115238551416685,0.17095251293568114,0.20471299341635182,0.08491723439753175,0.20416186737722763,0.13046484046723186,0.1870841734358788,0.014697835513768314,-0.07446913661238115,0.10765728652937981,-0.08022847634881654,-0.08038416756737642,-0.07625595126389595,-0.0835796453045212,-0.009966924523713484,0.13682796804593592,0.21116754829319823,-0.17673806613913945,0.18532540401571856,-0.04106726682353261,0.1809886408281023,0.013915779990684404,0.15711261061286766,0.13330864160396874,0.1444842046616579,0.06366692964866809,0.21785542027086685,-0.08008780314459081,0.10993488471828072,0.10973708986912692,1.0,0.9586454583315916,0.9575050326143181,0.9873657497507722,0.9784603169854185,0.9912499596647294,0.9787175360086576,0.5665028409941983,0.5338634150288788,0.46847571618303796,0.5118829910353837,0.5265016161916829,0.45692299060290154,0.39906885988771695,0.3730807037601307,0.35035654056841914,0.3679235687464128,0.3975035908842177,0.23520735138998222,-0.03054116961116977,0.15190609384389522
-0.03182669124673704,-0.026595892782020555,-0.03918223019633254,-0.026762632647155598,-0.022472974299464713,0.10690143963088572,0.16912086074899046,-0.14398342276139314,0.15278510981492863,0.08988982204701408,0.10869810333819516,0.10869810333819516,0.03702513263794617,0.1064451252001654,-0.015601970162070359,0.0486872057571803,0.04296862174407589,0.043312205179424856,-0.01209813497550205,0.13414642034254268,0.20020180199322737,0.043612687977802635,0.177739364388913,0.08926173954294937,0.153904962229124,0.02899875845996618,-0.0885379618652846,0.09937597761978952,-0.09267705750138595,-0.09489026742399208,-0.08979086785395554,-0.0978416293980556,-0.00725632419554896,0.10379140148850018,0.18775861523187215,-0.15721034707846307,0.16440446179614054,-0.04801191404389349,0.14764801422430654,0.01654253821440203,0.12553461992185844,0.11805872799286403,0.12359251073746341,0.06454457525850361,0.19438983893262338,-0.08489207799454929,0.08993997206628174,0.08979317671145653,0.9586454583315916,1.0,0.9345456391435284,0.9355335028293483,0.9354177541240181,0.945462834612181,0.9236274803505349,0.5598415442277187,0.5674948996508172,0.45686569846895236,0.4881309293317791,0.5148248075547217,0.4448848079249561,0.4020130319175891,0.40479369646500774,0.3409070719987026,0.35599171386827866,0.39902735092850306,0.23324461180134884,-0.021066898905451503,0.151536147299936
-0.05650522824440232,-0.055499489833150006,-0.06580569629033839,-0.0629036602078568,-0.05905720440820269,0.0772278363618032,0.14062307817604963,-0.1291728741758136,0.124839965445652,0.0981152903319456,0.10331089409505807,0.10331089409505807,0.06580213956980493,0.1086926261931627,0.024200998282365906,0.07074450749189187,0.07450065911343112,0.06955283703655053,-0.0028933763423353363,0.15549114999059951,0.17860021098209983,0.0781575036548533,0.1832162493783927,0.11945293114937335,0.16881124448586263,0.012285279341061672,-0.04907617797522289,0.08142920115364448,-0.05305998976336492,-0.056110473202554405,-0.050065795991692176,-0.05832368855049292,-0.009816453124987776,0.10765379966307179,0.18383835870696558,-0.15158822740015404,0.15822471968862079,-0.0474203190060674,0.1518016107671374,0.005765431297154887,0.12137133365758969,0.10558298402554721,0.13938274960451372,0.07011770818294173,0.19740176843454882,-0.08388437750806886,0.0794950024923958,0.07933459063969726,0.9575050326143181,0.9345456391435284,1.0,0.9651443390716915,0.9338854341005446,0.9536255398821709,0.9375614037575244,0.5674474808240119,0.5364556445289527,0.5203148868773578,0.5294231851257933,0.5210576252991516,0.45309281916875654,0.4124057162409577,0.38352043302073646,0.3950054428524737,0.3948200611432044,0.3960768129908502,0.25257933282189343,-0.06147519417667723,0.1324717977201437
-0.07724711788941672,-0.06740163498339768,-0.07557914540702103,-0.07571533181417442,-0.07169695524638933,0.08177351032496279,0.15028785922429663,-0.14183982116237162,0.13543510227096592,0.10550647964671783,0.11500657069144732,0.11500657069144732,0.0560175461055837,0.11912850640907625,0.0019401999096825052,0.06827265780715104,0.060534944051919025,0.06128079131060736,-0.003396300849771291,0.17016457837937418,0.1942743687286927,0.08938319834229755,0.1993174032290692,0.13250974810126284,0.1843897305115216,0.012356573219264984,-0.05655822569030002,0.09965908834267832,-0.06267753652225605,-0.062344528606996706,-0.058387565931367236,-0.06537237961190911,-0.011005441763942417,0.13002774486559374,0.20415135510659155,-0.17062693161058118,0.1783606562400954,-0.044486357814592356,0.1750766566948582,0.009422138003519128,0.1463415103782598,0.12205571570163554,0.14282184210581045,0.058343393252772005,0.20804685978284201,-0.07885945156893857,0.09975219185910297,0.09955468326038577,0.9873657497507722,0.9355335028293483,0.9651443390716915,1.0,0.9707051091945231,0.982888130416076,0.9771619321441749,0.5611273808820119,0.5191325635619694,0.48029412562514695,0.5250963055718939,0.5234367137931184,0.45262514307790336,0.3939145782801023,0.3598664656751778,0.35647227343456456,0.3756594851304979,0.38974588559820755,0.23677546764073137,-0.034042875157207865,0.14956006809690825
-0.05512396837892286,-0.05380814210823692,-0.05357407708049319,-0.05544856935608995,-0.05153856803849134,0.08869231676627197,0.1600018273530569,-0.16088597140861946,0.14493634845464912,0.12191200524123737,0.13802779950857627,0.13802779950857627,0.06581517251318986,0.13622955139037013,-0.0053069170705947665,0.0820963211374715,0.0679241309264939,0.07211305631381425,-0.009637653812654608,0.16641812423030392,0.2095637417642549,0.07731853198609244,0.20417703602225012,0.1234728668497096,0.18368180240820067,0.018573775355542763,-0.07489007747556056,0.11699273319594725,-0.08233291620443539,-0.07950207409043632,-0.07720355991169617,-0.08331520144553307,-0.012047462894320684,0.15772961647900702,0.21802718859644937,-0.18383166702935785,0.1938654647288945,-0.029118250564674184,0.19756164080128044,0.017520448879189614,0.18397963632124878,0.1447129382054511,0.14899891886116726,0.08040326186652905,0.22588126929561814,-0.08474869223237794,0.09487809819942505,0.09467371618929564,0.9784603169854185,0.9354177541240181,0.9338854341005446,0.9707051091945231,1.0,0.9565820539751873,0.9830872502801591,0.5578710723829605,0.5304115407206018,0.45110056655394454,0.49600890299722195,0.5602300503522925,0.411056600736567,0.3911153477163986,0.3764331604632886,0.32641793623075566,0.3458609735084989,0.4311501294379679,0.1905061927342494,-0.028321603031955512,0.17145440517594787
-0.08452824690461144,-0.06365312722144023,-0.0749943576050861,-0.0726431128509004,-0.06850263616560749,0.08892828180926327,0.1583389728144347,-0.14442651775415902,0.14258114744416442,0.09843948658887561,0.10729503150514647,0.10729503150514647,0.04400306224162881,0.11277082726713882,-0.008223461123228309,0.056554204078155784,0.04876555887451407,0.04968511207309319,-0.006096826595661456,0.17051791895381152,0.19914628671161003,0.08705206787248676,0.20143645522247344,0.1315298145591503,0.18584928484079868,0.013790880361131625,-0.06642002777341048,0.10105991406724982,-0.07168727837197963,-0.07274640251483976,-0.06801915587814437,-0.07577772875127907,-0.009027599718440176,0.13133594812078803,0.20601222290037013,-0.17143169885905812,0.18025161188200525,-0.04182618004729744,0.17556944770643884,0.01214539550293092,0.14795473317655222,0.12612655271677617,0.141827134633096,0.05727079660624675,0.21358035532228137,-0.0760490940131489,0.11111586337220543,0.11089567414850464,0.9912499596647294,0.945462834612181,0.9536255398821709,0.982888130416076,0.9565820539751873,1.0,0.9787118472190041,0.5569224561966053,0.5216601422233557,0.46756657054108924,0.5083727860336571,0.5048220937676369,0.47062269877024415,0.39075638584041217,0.36186740555270297,0.3531638414562106,0.3677760334496243,0.378184876989397,0.24882007603382617,-0.03239798284761452,0.1414995948701802
-0.07686952588067854,-0.061564767162130746,-0.06372476949294492,-0.06564930195864255,-0.06171912344298853,0.08484392413585339,0.15684605266372192,-0.15791475433527263,0.1415989535978373,0.1205086627573745,0.13234244657034314,0.13234244657034314,0.06340898605910533,0.13397373874727245,-0.004241765357441117,0.07908428895751028,0.06592105428947402,0.06958882931379483,-0.008247522600745818,0.1721523729521038,0.2069499786873437,0.08511364396616986,0.2069010266588427,0.1308579574797044,0.1884350128680045,0.016440246015325417,-0.06644859188378287,0.11156215831862791,-0.07342013055937775,-0.07163696821517063,-0.06855929602855244,-0.0753332877281281,-0.010742623458452366,0.1561606024002861,0.2178893066040934,-0.18277194219519613,0.1931777013218045,-0.03067725848658569,0.19690945669749324,0.01601117696589661,0.17879083926477599,0.14102865268833598,0.15088350332727662,0.07681186915625429,0.22868134001628326,-0.07984935699758669,0.10068721196727033,0.1004597554734203,0.9787175360086576,0.9236274803505349,0.9375614037575244,0.9771619321441749,0.9830872502801591,0.9787118472190041,1.0,0.5488847822349362,0.5171699408257511,0.45275866214244737,0.4960210570594404,0.5369811159774386,0.4297130689542617,0.3825048917071276,0.36441962730783695,0.3327964865939858,0.34900410850160096,0.409883850931025,0.2081187043185177,-0.028289378641661356,0.15920146079086173
-0.14313214835058732,0.006197911572511583,-0.01627088276896627,0.013576204809675755,0.01718320959093088,0.10348778588178575,0.1373386001805141,-0.09634385627564886,0.13065870462526488,0.04978016168429928,0.011476544784471205,0.011476544784471205,0.03240924749685535,0.03695073204924896,0.02816817674023823,0.01558760955819075,0.06234559170108461,0.032892479931874795,-0.01247057783925517,0.0665280840512392,0.13589338220893352,-0.006148493962530968,0.1045699718979875,0.030641233944179364,0.0823880427873672,0.025158109997915283,0.033730698274158234,0.0010000212895070223,0.03448331601360956,0.010011844194466426,0.03396325299658874,0.010670962998823566,-0.001441349697211591,0.09644504343349207,0.10922889450354573,-0.0840474979832088,0.09457306135994131,-0.014757690302760194,0.12177622394400829,-0.022825445391663927,0.10175475235040021,0.011918859572998292,0.09894340563763271,0.04405936258161118,0.10597769486786307,-0.10569107684486784,-0.1283431546132649,-0.128350279484443,0.5665028409941983,0.5598415442277187,0.5674474808240119,0.5611273808820119,0.5578710723829605,0.5569224561966053,0.5488847822349362,1.0,0.9435351028185442,0.9030356970163527,0.9506609405424449,0.8978253604427965,0.8738512317432483,0.7058059906914093,0.6402733221315008,0.6440545280169929,0.6729800126968177,0.6185193255591604,0.5488791436068672,-0.035372119580648106,0.2874012969412019
-0.09971025884986408,0.03392645073407451,0.01218650148669759,0.04792530198976789,0.05176964985228988,0.1103257549779953,0.14739665415380243,-0.08546304145306845,0.14104588638212273,0.05098355615814939,0.01672962551307987,0.01672962551307987,0.02897193884832089,0.038016452780636055,0.020955891372519596,0.012427261638198345,0.0575142610541465,0.029684014378404285,-0.016151263660832353,0.03554404428304769,0.13297761192397536,-0.04063752681504689,0.08299440016784816,-0.0037981623356887376,0.05416797835789889,0.037248488256814045,0.021946585282806963,-0.011081695413656473,0.02501437863010987,-0.002266464275529313,0.022910480999298693,-0.0010275548415396804,-0.00035893661048307123,0.06948952157773089,0.08833940511217157,-0.06507296015164264,0.07520123488899029,-0.018390557238745685,0.09455055911732743,-0.021250149178634558,0.07709968574297459,-0.003945890782428887,0.08114859033112444,0.06358242896986598,0.0938049832242155,-0.1046537020227886,-0.13295871164472553,-0.13294763535037235,0.5338634150288788,0.5674948996508172,0.5364556445289527,0.5191325635619694,0.5304115407206018,0.5216601422233557,0.5171699408257511,0.9435351028185442,1.0,0.8247214223784005,0.8502866251050204,0.861673149156808,0.8185363650878421,0.6792586606382987,0.7006183464224812,0.6037669026586675,0.6233662454952922,0.6098393038544744,0.52442478168261,-0.004265699367711174,0.28287512590422204
-0.15646262248317527,0.019014470540732256,0.0031140029757212554,0.032910033880113515,0.03630150664911957,0.05109658116688886,0.05478169526308045,-0.04718572484964658,0.05368810945250575,0.0030564051767268414,-0.05570203463356112,-0.05570203463356112,0.04269256884506774,-0.019367745951528074,0.08201630901099154,0.006406502301696261,0.08165327208849175,0.03789282185841793,-0.003306567218527809,0.015203675586448116,0.04938811961181379,-0.02579411882383992,0.03464318628666391,-0.005822244440247223,0.02370004341001437,0.017381538358424157,0.11168831801634382,-0.08181644620381825,0.11723629419108139,0.0847566749152364,0.11364378006898372,0.08814389397656103,0.003982459248105955,0.04839401789756603,0.014553048119871516,0.0031149788712312456,0.006846065539400329,0.00914378956042757,0.060754367482280025,-0.05100182812766159,0.03581605185323886,-0.08404582229844211,0.06854840796705156,0.049006308735853064,0.03243012914528546,-0.09344219645210085,-0.1766886718569414,-0.17667809112930105,0.46847571618303796,0.45686569846895236,0.5203148868773578,0.48029412562514695,0.45110056655394454,0.46756657054108924,0.45275866214244737,0.9030356970163527,0.8247214223784005,1.0,0.9475743979899859,0.8012262743325027,0.8426992847647702,0.6760309642949432,0.5871630590742284,0.7354286031420266,0.7079036808470325,0.5654632297153438,0.5721956989865999,-0.10720469293053402,0.23078615612533968
-0.17837073446786156,-0.005816676961743605,-0.024100053887337068,0.0034011756059661637,0.007017288068179186,0.07512744952189267,0.09376744946850141,-0.07657974119180079,0.09209556270732232,0.03546107708622057,-0.00594979953435498,-0.00594979953435498,0.0314484516762535,0.018317287567487857,0.04774644749072182,0.009378144289951738,0.06332103544231538,0.03020944844576935,0.00036273110233145807,0.05012683108247322,0.09218722179870326,-0.0029379893707758118,0.07449720347515323,0.0242963439429973,0.06110607481172372,0.01655266812240369,0.08712499953579839,-0.0402637447369879,0.0888006796893986,0.061894690591498575,0.08763687011718374,0.06388197637428143,0.0006597693529946975,0.07374177199053995,0.0653883257754037,-0.043063424774714205,0.052802970879140175,-0.00827322974603738,0.09433748082167791,-0.03985542574770677,0.07237239797960048,-0.034686201325354216,0.08226124664409212,0.013000539227003814,0.06306456369059692,-0.09282925117437228,-0.1544543537797263,-0.15443434265431033,0.5118829910353837,0.4881309293317791,0.5294231851257933,0.5250963055718939,0.49600890299722195,0.5083727860336571,0.4960210570594404,0.9506609405424449,0.8502866251050204,0.9475743979899859,1.0,0.8427845526274815,0.8760004970978991,0.6794779126630613,0.5803295922404816,0.6730756258598163,0.7079610843534492,0.5723486248609817,0.5654497403674348,-0.04084957937661294,0.2753409127802129
-0.09847886750631822,0.052495683545692506,0.056565876202652195,0.08371448818206265,0.08567673781699443,0.07420661873973064,0.09026590616141529,-0.11032984023176534,0.08163381934699177,0.0680787347190385,0.03184782945444538,0.03184782945444538,0.0713270987106614,0.05223048223306046,0.045537840785858395,0.054294038216192685,0.09943660720379673,0.07211418040691603,-0.014876595944152521,0.0052395086364263,0.10157317795286758,-0.06003674560530369,0.05079867657578671,-0.030656304604974417,0.021933773961450326,0.03802737510747908,0.06105275318398773,-0.0014294604551766405,0.05941840113029875,0.039067483117723054,0.06073450298995063,0.038897851791041,-0.004530515232271303,0.15151527558887232,0.08595686316756462,-0.0662943534920397,0.0829183220329887,0.04798015474325033,0.15215336432972512,-0.018891599396311,0.17049266171537178,0.016239644573245643,0.08562059191437288,0.09936778205186969,0.07710512231671403,-0.10034581211801089,-0.18710594555097856,-0.18703847494712786,0.5265016161916829,0.5148248075547217,0.5210576252991516,0.5234367137931184,0.5602300503522925,0.5048220937676369,0.5369811159774386,0.8978253604427965,0.861673149156808,0.8012262743325027,0.8427845526274815,1.0,0.6575006661107609,0.6646386020131932,0.632389560147698,0.557701175309388,0.5911483653302387,0.7432238035014248,0.3536254706793839,-0.04088864366420946,0.332004630969358
-0.25516052570244796,-0.022038211556867845,-0.0500296447231621,-0.02104053807280756,-0.016700590588305066,0.09216432892116555,0.12148558165915603,-0.06731184609069067,0.12447456503242361,-0.00814912546315665,-0.04996630965172537,-0.04996630965172537,-0.03068041664191438,-0.020926852067371476,0.004209774133899671,-0.05546286990759843,0.002883685769392149,-0.031844351644441146,-0.013908240737956724,0.06627682446082318,0.10603063414648987,0.011626688582874141,0.09021720186371097,0.04024228024095689,0.07787046437337962,0.016179313328271164,0.0740107423945163,-0.045463355987496554,0.07755501990277555,0.047629741463324465,0.07496690682481906,0.04974521724012124,0.0023416453146504973,0.048013877981763424,0.07233447016547613,-0.04801070186951152,0.05749086504733204,-0.0326864370024759,0.07703681675347224,-0.03448433764548351,0.0474447803888487,-0.03137426284520244,0.06872125632577217,-0.021009084448749746,0.06980645152372676,-0.07403101124140483,-0.09829509766897856,-0.09846713849077764,0.45692299060290154,0.4448848079249561,0.45309281916875654,0.45262514307790336,0.411056600736567,0.47062269877024415,0.4297130689542617,0.8738512317432483,0.8185363650878421,0.8426992847647702,0.8760004970978991,0.6575006661107609,1.0,0.6063759955494409,0.5354476223410807,0.6254138245393385,0.6380079838560484,0.4298737413521769,0.683081618271433,0.010015031449865373,0.24836510047776475
-0.11068831209337955,0.09132993034040213,0.09033844441390684,0.12688835545802277,0.13011010187652444,0.04765885391623089,0.043939251423499796,-0.04059882430971175,0.031545366318692016,-0.02803700333811701,-0.08968446213082554,-0.08968446213082554,-0.03428929369643161,-0.057887050993873174,0.009586245483905537,-0.056522574989861574,0.007014350508738019,-0.03678862243159752,0.0008061182516916164,-0.06329513223510598,0.031190225965971277,-0.10934139358643431,-0.02255755750454557,-0.08996549203502636,-0.04675221799803435,0.03625200727674893,0.15636633763773475,-0.06349692511033028,0.1571666035168589,0.1277076232396209,0.15726505432075602,0.1291382753685577,0.004988098840385706,0.05127999431871667,-0.03384601020284456,0.04303512983141286,-0.030583995011968533,0.05864013993183849,0.04222558204624853,-0.0467669997131072,0.05314984163935256,-0.037908168857796444,-0.003273963209681526,0.042588679976119044,-0.027486492109434782,-0.02738793998490278,-0.025650205647789064,-0.025751327679480802,0.39906885988771695,0.4020130319175891,0.4124057162409577,0.3939145782801023,0.3911153477163986,0.39075638584041217,0.3825048917071276,0.7058059906914093,0.6792586606382987,0.6760309642949432,0.6794779126630613,0.6646386020131932,0.6063759955494409,1.0,0.8891601019623993,0.8652128114765312,0.929664616131701,0.8223011148342791,0.671445619001487,-0.06804758033423988,0.3354442699357226
-0.08511740184673454,0.12328691231960198,0.13283524305624084,0.17162231830752844,0.1749172996680982,0.04668139463854739,0.06056951259383648,-0.04387994873205631,0.052667312821145965,-0.025587286437932344,-0.07836152606784677,-0.07836152606784677,-0.04243973517078586,-0.051416455482486655,-0.008483662853011192,-0.0622017857386605,-0.00596528564214086,-0.04341737946650301,-0.010922198031848091,-0.09578290981522271,0.03585614867742002,-0.1507177714269634,-0.040588958919705244,-0.12989176077043957,-0.07434685965230395,0.051343169202473685,0.15414178758332167,-0.07250597742378677,0.15512292558221738,0.12720589212263342,0.1553057750458674,0.12840715723661764,0.00615233946090721,0.048256343096299434,-0.04822096332321923,0.056186757733035844,-0.04210277316305698,0.07565672929874576,0.03384136702917006,-0.0415567849053674,0.05773411555399063,-0.05378169530061179,-0.006910671249904301,0.07333741488927677,-0.02228378663491061,-0.029113635284408284,-0.023434324920041306,-0.02356830431735793,0.3730807037601307,0.40479369646500774,0.38352043302073646,0.3598664656751778,0.3764331604632886,0.36186740555270297,0.36441962730783695,0.6402733221315008,0.7006183464224812,0.5871630590742284,0.5803295922404816,0.632389560147698,0.5354476223410807,0.8891601019623993,1.0,0.7220929769280355,0.7690600885487697,0.794763389325594,0.5877335019090616,0.02372124597915226,0.3814373404209475
-0.20324831039169935,0.02335973981308209,0.021625281464978503,0.04113646077443754,0.04374754138146231,0.023170398819232375,0.021688960836347613,-0.011657623639986318,0.017983091772240705,-0.04453760134847819,-0.10954219211998077,-0.10954219211998077,-0.020043612388548435,-0.07689608373602452,0.04978010191631806,-0.05561336594165983,0.02577188458320811,-0.026421041541027153,0.006401784628612882,-0.012485858313833366,0.0033656775808502733,-0.033768962061773024,-0.0009726935425262308,-0.023814993887856288,-0.006980417518107363,0.008726064022465672,0.18819568926163155,-0.10204666124999538,0.19262360015666732,0.15731574601254109,0.19021831856853494,0.1609695553315955,0.002048589387212778,0.05920209399570664,-0.0516997021585708,0.06637834319140692,-0.04886224034050601,0.08113548832324051,0.052403820709193055,-0.0631622942467462,0.0575256205694476,-0.0816136148444596,0.01868584260280466,0.04211911066479912,-0.011843249005047449,-0.028198782966861482,-0.01936926079443993,-0.01949951797095371,0.35035654056841914,0.3409070719987026,0.3950054428524737,0.35647227343456456,0.32641793623075566,0.3531638414562106,0.3327964865939858,0.6440545280169929,0.6037669026586675,0.7354286031420266,0.6730756258598163,0.557701175309388,0.6254138245393385,0.8652128114765312,0.7220929769280355,1.0,0.9383403060648761,0.6652890010248501,0.7126265608669637,-0.16165495094830143,0.21766616479867554
-0.19043508605024725,0.02402918576348485,0.0191461059652821,0.0446363414179154,0.048433831681892234,0.03939301358478989,0.040528983186777764,-0.023735161188445042,0.03483490285498307,-0.03809724233101723,-0.09557343036814504,-0.09557343036814504,-0.0562363492957132,-0.06587403601330406,0.003021589022191278,-0.07847842342936946,-0.016195372872958576,-0.05962994872167684,0.01431770448093632,-0.015548678880532987,0.02407271302332349,-0.04476090649789257,0.004593802283792866,-0.03151171844046051,-0.006546227430756312,0.018464472592890732,0.17839971562960463,-0.08063821746951222,0.18023170629473306,0.14800923972524757,0.17947260491340597,0.15070560484926473,0.002499385889956964,0.04075830380387959,-0.04100190968658707,0.05503012810689172,-0.04110331732543764,0.05449938079676749,0.03901302815958114,-0.06194531086938389,0.0367074827128363,-0.0687462044156459,0.004177450571067207,-0.004201877668727487,-0.023411964903474095,-0.019583573238077384,-0.02159164955622959,-0.021650353629966732,0.3679235687464128,0.35599171386827866,0.3948200611432044,0.3756594851304979,0.3458609735084989,0.3677760334496243,0.34900410850160096,0.6729800126968177,0.6233662454952922,0.7079036808470325,0.7079610843534492,0.5911483653302387,0.6380079838560484,0.929664616131701,0.7690600885487697,0.9383403060648761,1.0,0.7079926681237356,0.7340633191616652,-0.07171245763801935,0.28320083428636256
-0.0578778174096643,0.10719492005439128,0.17592554878034433,0.1814811622181672,0.1823942542681516,-0.006152067454681185,0.010230527187161994,-0.11697700481202586,0.002862007338108436,0.02004191616262188,-0.025016030454015546,-0.025016030454015546,0.03246589438369821,-0.0035467184596376126,0.026021849632327412,0.01156964811016193,0.07181957000209119,0.03191309784907194,-0.0320927804165831,-0.08446997548908321,0.031920575869941015,-0.13007474988500933,-0.03495102533192364,-0.11477399468215976,-0.06577970365230913,0.05441371602600475,0.13782594504334184,-0.013715325574603983,0.13303029379001904,0.1134282548008942,0.13752642940999468,0.1124434386970164,-0.007783917965313309,0.16523574484127534,0.027088703387046935,-0.015316895658061,0.03901641254667816,0.11619351889496576,0.13844088886022818,-0.008187771103294175,0.20429862689967204,0.044361399641175595,0.015033605315935214,0.1570765958385215,0.012303677829253918,-0.03193459001509116,-0.023905489914310487,-0.023983118619140566,0.3975035908842177,0.39902735092850306,0.3960768129908502,0.38974588559820755,0.4311501294379679,0.378184876989397,0.409883850931025,0.6185193255591604,0.6098393038544744,0.5654632297153438,0.5723486248609817,0.7432238035014248,0.4298737413521769,0.8223011148342791,0.794763389325594,0.6652890010248501,0.7079926681237356,1.0,0.3332366659594328,-0.06498461187284088,0.40552823429889123
-0.37593435993512464,-0.009274212257850292,-0.03583404435743847,-0.004689012162515273,-0.00018087987712613862,0.06377082295031034,0.07502825806772304,0.020135896639059618,0.08525376007463265,-0.10370114407592554,-0.1830742998554466,-0.1830742998554466,-0.1317936722352952,-0.13080659575544537,-0.022841735323792432,-0.1688231700961456,-0.08562885579568182,-0.13780251837082919,-0.005865705176074148,-0.0032819259593702974,0.019481319671195683,-0.020648165536696544,0.009738204837514282,-0.01349222001930166,0.0029727508624989383,0.015438056896922847,0.19438684054658767,-0.11728810405322541,0.19850695926457954,0.1628402209521043,0.1959384317942499,0.16618453143370335,0.006074663697944073,-0.005827864753178442,-0.0512297803878986,0.0703457091199847,-0.054116210409351995,0.01928760133916316,0.0034236250893517916,-0.06852447396021037,-0.023429193652770963,-0.09232333561011663,-0.014258871403259005,-0.06962571274665472,-0.04448267870432608,-0.017870978763913182,-0.024141114764501325,-0.024257531742549066,0.23520735138998222,0.23324461180134884,0.25257933282189343,0.23677546764073137,0.1905061927342494,0.24882007603382617,0.2081187043185177,0.5488791436068672,0.52442478168261,0.5721956989865999,0.5654497403674348,0.3536254706793839,0.683081618271433,0.671445619001487,0.5877335019090616,0.7126265608669637,0.7340633191616652,0.3332366659594328,1.0,0.08436609114527371,0.2569246202069329
-0.5622030913118691,-0.030321142432868892,-0.0814733160819257,-0.05917758305068193,-0.05691537374899822,0.09791648069214073,0.1524018871279258,0.10942475045095272,0.19735463218508373,0.07104639942080454,0.2317812574740435,0.2317812574740435,-0.05840455986308661,0.09751374826034752,-0.12851785487884923,-0.02066727390887288,-0.12776500745692043,-0.04639464303404449,0.008638500855546967,0.02532671903490834,0.05071026063318048,0.01948589140163572,0.03595250514625002,0.020017406234145992,0.029456651811320643,0.006173832163082964,0.02182615181233537,0.02796748226659779,0.012257968422803144,0.04906249713328967,0.017011205658216844,0.045380858120240154,0.0020599691138669537,-0.04728237893541813,0.016257137414210993,-0.009916024947397193,0.00041975692180004376,-0.07889696409868042,-0.020684620687114293,-0.033477195660948554,-0.0518133034936339,-0.03553773835683414,-0.04837934350585866,-0.22823903204093374,-0.03982406868295867,0.027618792603813704,0.031044685308792536,0.030950562595589474,-0.03054116961116977,-0.021066898905451503,-0.06147519417667723,-0.034042875157207865,-0.028321603031955512,-0.03239798284761452,-0.028289378641661356,-0.035372119580648106,-0.004265699367711174,-0.10720469293053402,-0.04084957937661294,-0.04088864366420946,0.010015031449865373,-0.06804758033423988,0.02372124597915226,-0.16165495094830143,-0.07171245763801935,-0.06498461187284088,0.08436609114527371,1.0,-0.03390858459397469
-0.06440799067865804,0.046153782244415714,0.12299597112894411,0.10519750276658793,0.10490433330704509,-0.029434828144021645,0.005380900204454433,-0.15626744310988694,0.0011110063128447632,-0.07570936436559746,-0.1724780665155846,-0.1724780665155846,-0.06184441207478469,-0.10710521252312728,-0.016841261387681484,-0.08568796023913615,-0.02206758244836527,-0.06765991140029498,-0.02338884685287842,-0.05430440788764708,0.06465162714521484,-0.10214191757479965,-0.004450407957687173,-0.08784133834082924,-0.03714105156869343,0.07012926095635413,0.14404397912277705,-0.025436807919036724,0.13932373675591914,0.12124221979721582,0.1442443539215162,0.12147660791652341,-0.011976538192386156,0.11762585580021821,0.03216776571608626,-0.031116798512880194,0.04433707811347605,0.07226953775105857,0.08027331092556705,0.007867141612105204,0.1607869255353671,0.11701516023123872,-0.018042638403372963,0.07820840370840128,-0.017809381217638615,-0.0050482941880399335,-0.024607358967383704,-0.02469377626240579,0.15190609384389522,0.151536147299936,0.1324717977201437,0.14956006809690825,0.17145440517594787,0.1414995948701802,0.15920146079086173,0.2874012969412019,0.28287512590422204,0.23078615612533968,0.2753409127802129,0.332004630969358,0.24836510047776475,0.3354442699357226,0.3814373404209475,0.21766616479867554,0.28320083428636256,0.40552823429889123,0.2569246202069329,-0.03390858459397469,1.0
